McMillan, Nate;203
Webb, Jeff;78477
Tyler, Terry;78390
Coleman, E.C.;76413
Harvey, Donnell;2051
Hennessy, Larry;76998
Spencer, Andre;78227
Buntin, Bill;76302
Simpson, Diamon;202067
Godfread, Dan;76827
Young, Michael;78634
McQueen, Cozell;77565
Rivers, Austin;203085
Blevins, Leon;76186
O'Shea, Kevin;77773
Evans, Tyreke;201936
Mustaf, Jerrod;1054
Somerset, Willie;78219
Robertson, Oscar;600015
Kimbrough, Stan;77261
Gottlieb, Leo;76836
Bergen, Gary;76156
Austin, Ike;1134
Best, Travis;696
Williams, Sly;78570
Ward, Charlie;369
Manning, Danny;330
Barnett, Jim;76106
Kupchak, Mitch;77324
Bradley, Alex;76228
Loder, Kevin;77401
Pietrus, Mickael;2554
McCloskey, Jack;77512
Brown, Devin;2484
Schadler, Ben;78070
Anderson, Richard;76045
Avery, William;1895
Murray, Lamond;441
Ham, Darvin;1032
Rucker, Guy;2462
Wheat, DeJuan;1545
Deutsch, Dave;76560
Pope, Mark;998
Curry, Dell;209
Bailey, Thurl;1847
Kimble, Bo;77260
Hanson, Reggie;1682
Hodges, Craig;77034
Ollie, Kevin;1563
Davis, Dale;905
Wilkes, James;78533
Gomes, Ryan;101155
Benimon, Jerrelle;203968
Iverson, Allen;947
Smith, Michael;63
McKinney, Billy;77547
Lebo, Jeff;77354
Edwards, Blue;898
Davis, Hubert;93
Ruklick, Joe;78040
Banks, Marcus;2556
Thompson, Dijon;101159
Scharnus, Ben;78073
Ollrich, Gene;77764
Jackson, Wardell;77111
Perry, Tim;897
Aluma, Peter;1824
Thomas, Jim;78320
Vaught, Loy;919
Foote, Jeff;202880
Heyman, Art;77015
Harris, Tobias;202699
Ruland, Jeff;78041
Dark, Jesse;76509
Williams, Justin;200818
Winslow, Rickie;1984
West, Delonte;2753
Mayfield, Bill;77495
McCracken, Paul;77517
Snyder, Kirk;2745
Knight, Negele;1861
Balkman, Renaldo;200764
Lafayette, Oliver;201802
Humphries, Kris;2743
King, Tom;77276
Kelly, Tom;77238
Jent, Chris;1137
Smith, Don;78184
Mannion, Pace;77456
Williams, Ward;78573
Dalembert, Samuel;2223
Henderson, Jerome;76992
James, Jerome;1744
Stevens, Wayne;78252
Dawkins, Andre;203958
Stephens, Jack;78249
Kraus, Dan;77309
Reed, Willis;77929
Smith, Greg;202962
Sanders, Larry;202336
Ward, Henry;78456
Lasme, Stephane;201186
Bond, Walter;1603
Wright, Brandan;201148
Kersey, Jerome;760
Eichhorst, Dick;76651
Sanders, Thomas;78060
Maxey, Marlon;77486
McDermott, Doug;203926
Cox, Wesley;76465
Udoka, Ime;2137
Childress, Josh;2735
Anderson, Antonio;202079
Jorgensen, Roger;77213
Malovic, Steve;77450
Graham, Stephen;101211
Knorek, Lee;77291
Houston, Allan;275
Parsley, Charlie;77804
Bullock, Reggie;203493
Ford, Chris;76733
Deane, Greg;76544
Felton, Raymond;101109
Kiley, Jack;77256
Penney, Kirk;2632
Markota, Damir;200806
Rollins, Kenny;78012
Harris, Chris;76958
Johnson, Larry;913
Eberhard, Al;76634
Len, Alex;203458
Walters, Rex;777
Sasser, Jeryl;2219
Coker, John;715
Waller, Dwight;78444
Frazier, Tim;204025
Richardson, Norman;2369
Ackerman, Donald;76008
Norris, Audie;77731
Maravich, Peter;77458
Kuzmic, Ognjen;203136
Anstey, Chris;1512
Winter, Trevor;1868
Eskridge, Jack;76682
Wright, Brad;78620
Strickland, Mark;1110
Turner, Jack;78380
Moten, Lawrence;734
Downing, Steve;76594
Volkov, Alexander;78421
Jordan, Thomas;77208
Minor, Greg;65
Hordges, Cedrick;77056
Worthy, James;1460
Flores, Luis;2784
Lee, Russell;77365
Panko, Andy;1950
Conroy, Will;101215
Frederick, Anthony;76752
Alcorn, Gary;76020
Van Exel, Nick;89
Williams, Kevin;78556
Booker, Melvin;511
Marble, Devyn;203906
Ramsey, Frank;77907
Davis, Baron;1884
Terrell, Ira;78305
Logan, Johnny;77403
Martin, Slater;77480
Cook, Darwin;76435
Fournier, Evan;203095
Burleson, Kevin;101207
Lamp, Jeff;77332
Thigpen, Justus;78313
Verhoeven, Peter;78414
Griffith, Darrell;76890
Davidson, Jermareo;201176
Brandon, Terrell;210
Greene, Orien;101158
Duren, John;76619
Laimbeer, Bill;100263
Toone, Bernard;78356
Anderson, Kyle;203937
Williams, Brandon;1585
Gray, Gary;76859
Jefferson, Al;2744
Yarbrough, Vincent;2428
Horan, Johnny;77055
Jones, Dwayne;101204
Gilliam, Armen;288
Negratti, Al;77698
Kramer, Joel;77308
Radziszewski, Ray;77901
Young, Sam;201970
Natt, Calvin;77691
Foster, Rod;76742
Diawara, Yakhouba;200821
Rebraca, Zeljko;1442
Inglis, Damien;203996
Howard, Josh;2572
Nordgaard, Jeff;999
Walker, Phil;78441
Brown, Derrick;201974
Leavell, Allen;77353
Parker, Smush;2470
Powell, Roger;101232
Green, Kenny;76869
Asik, Omer;201600
Aubuchon, Chet;76071
Warner, Cornell;78460
Ahearn, Blake;201336
Snow, Eric;727
Brundy, Stanley;76288
Williams, Arthur;78539
Arthur, Darrell;201589
Anderson, James;202341
Mack, Sam;694
Arenas, Gilbert;2240
Garrett, Rowland;76789
Wright, Chris;203203
McNealy, Chris;77560
Morrison, Dwight;77648
Evans, Reggie;2501
Tucker, Alando;201169
Budinger, Chase;201978
Calloway, Rick;76334
Yi Jianlian;201146
Bradley, Alonzo;76229
Schintzius, Dwayne;368
Wells, Bonzi;1719
Getchell, Gorham;76805
Roth, Doug;78021
Delfino, Carlos;2568
Bon Salle, George H.;76203
Walker, Jimmy;78439
Bailey, Toby;1753
Hagan, Cliff;76912
LaRusso, Rudy;77340
Tonkovich, Andy;78353
Lue, Tyronn;1731
Thompson, Kevin;78329
King, Chris;12
Garmaker, Dick;76783
Hamilton, Thomas;676
Brewer, Corey;201147
Blakely, Marqus;202392
Hunter, Les;77084
Lambert, John;77331
Perkins, Warren;77834
Johnson, Dave;77138
Houbregs, Bob;77062
Brooks, MarShon;202705
Branson, Brad;76239
Combs, Leroy;76425
Schnittker, Dick;78086
Thompson, George;78327
Robinson, Jamal;1554
Niemann, Rich;77716
Macy, Kyle;77438
Varejao, Anderson;2760
Johnson, Ken;77154
Wilkerson, Bob;78531
Thompson, Jason;201574
Thompson, Tristan;202684
Gilliam, Herm;76815
Hundley, Rod;77082
Nogueira, Lucas;203512
Cherry, Will;203805
Jones, Bobby;77193
Thomas, Kurt;703
Jones, Willie;77203
Wright, Luther;1007
Bostic, Jim;76211
Englestad, Wayne;76671
Hawkins, Connie;76972
Slaughter, Jose;78172
Swift, Stromile;2031
West, Roland;78499
Nutt, Dennis;77738
Wells, Bubba;1528
Jaros, Tony;77123
Cloyd, Paul;76407
Walker, Kenny;78440
Teletovic, Mirza;203141
Warrick, Hakim;101124
Hairston, Al;76915
Westbrook, Russell;201566
Klotz, Herm;77284
Newmark, Dave;77712
Gordon, Drew;204079
Brown, Roger;76286
Diop, DeSagana;2205
Livingstone, Ron;77392
King, Rich;1101
Fox, Harold;76746
Phelan, Jim;77849
Bobbitt, Tony;2800
Christensen, Cal;76394
Lang, Andrew;457
Beaubois, Rodrigue;201958
Kessler, Alec;77251
Goodwin, Wilfred;76833
Cluggish, Marion;76408
West, David;2561
Miller, Eddie;77599
Johnson, George;77147
Burmaster, Jack;76306
Frazier, Walt;76750
Turner, Evan;202323
Livingston, Shaun;2733
Scherer, Herb;78082
Jenkins, John;203098
Copeland, Chris;203142
Forbes, Gary;201814
Hawkins, Hersey;765
Cervi, Al;76373
Nene;2403
Nelson, Louie;77701
Maughan, Ariel;77485
Bennett, Mario;712
Landry, Marcus;202068
Radojevic, Aleksandar;1893
Sparrow, Guy;78223
Barnes, Harry;76103
Motiejunas, Donatas;202700
Sampson, JaKarr;203960
Jacobsen, Casey;2418
Farmer, Tony;1108
Krebs, Jim;77311
Dawson, Eric;201286
Larese, York;77339
Joseph, Yvon;77214
Person, Wesley;445
O'Bannon, Charles;1525
Connors, Chuck;76432
Foust, Larry;76744
Tyler, Jeremy;202719
Butcher, Donnie;76318
Bibby, Henry;76162
Allen, Tony;2754
Harris, Devin;2734
Terry, Jason;1891
Hargis, John;76949
Foye, Randy;200751
Washington, Stan;78470
Gilmore, Artis;600014
Davis, James;76524
O'Bryant, Patrick;200753
Wilson, Nikita;78582
Graboski, Joe;76838
Roberts, Brian;203148
Overton, Doug;77
Rautins, Andy;202360
Payne, Kenny;77822
Griffin, Paul;76889
Lockhart, Ian;1100
Hickson, JJ;201581
Mills, Patty;201988
Thomas, Lance;202498
Feigenbaum, George;76702
Mahoney, Francis;77444
Guokas, Al;76907
Howard, Brian;77065
Mitchell, Todd;77614
Gainer, Elmer R.;76769
Bryant, Wallace;76291
Abdur-Rahim, Shareef;949
Miasek, Stan;77587
Gill, Eddie;2109
Lefkowitz, Hank;77367
Smith, Jerry;202536
Robinson, David;764
Miller, Reggie;397
Lofgran, Don;77402
Ross, Terrence;203082
Denton, Randy;76558
Kramer, Barry;77307
Perkins, Kendrick;2570
McCollum, CJ;203468
Grant, Horace;270
Seraphin, Kevin;202338
Turner, Jack;78382
Saunders, Fred;78065
Simmons, Johnny;78154
Laurel, Rich;77344
Jackson, Reggie;202704
Jamerson, Dave;77114
Seals, Shea;1578
Gooden, Drew;2400
Trapp, John;78367
Pace, Joe;77788
Rodman, Dennis;23
Maloney, Matt;1074
Whatley, Ennis;941
Forrest, Bayard;76739
Price, Jim;77883
Stevenson, DeShawn;2052
McCarty, Kelly;1820
Kimball, Toby;77259
Gibbs, Dick;76807
Friend, Larry;76758
Wilkins, Dominique;1122
Norman, Connie;77729
McCord, Keith;77515
Millsap, Elijah;202407
Lumpp, Ray;77425
Price, A.J.;201985
Hansen, Travis;2580
Blackwell, Cory;76177
Bowen, Bruce;1477
Walker, Kemba;202689
Komenich, Milo;77296
Valentine, Ron;78396
Chaney, John;76380
English, Jojo;76676
Leonard, Bob;77371
Gale, Mike;76771
Huston, Geoff;77087
Edwards, Bill;76646
Mooney, Jim;77631
Klueh, Duane;77285
Phillip, Andy;77853
Miller, Harry;77600
Lee, Rock;77363
English, Scott;76675
Williams, Marcus;200766
Oldham, Johnny;77758
Marks, Sean;1752
Morris, Randolph;201043
Burrell, Scott;197
Brown, Shannon;200769
West, Mark;770
Alexander, Gary;76022
Hamilton, Richard;1888
Radford, Mark;77896
Elliott, Sean;251
Pearcy, George;77825
Phillips, Eddie;77854
Williams, Travis;1576
Jones, Major;77189
Hite, Robert;200823
Cotton, James;1526
Gerard, Gus;76802
Sellers, Brad;78110
Devlin, Walter;76561
Bardo, Stephen;76097
Bonner, Matt;2588
Skoog, Whitey;78169
Mays, Travis;77496
Siva, Peyton;203491
Harrison, Bob;76962
Higgins, Cory;202809
Cattage, Bobby;76368
Ellis, Dale;107
Granger, Danny;101122
Wehr, Dick;78483
Douglas, John;76589
Campbell, Tony;76338
Monia, Sergei;2752
Lee, Butch;77356
Smith, Bill;78209
Evans, Mike;76686
James, LeBron;2544
Houston, Byron;780
Colone, Joe;76422
Shaw, Brian;216
Pressley, Dominic;77880
Gray, Leonard;76860
Olsen, Enoch;77765
Kachan, Edwin;77217
Williams, Shawne;200761
McKenna, Kevin;77541
Jones, Steve;77197
Smith, Elmore;78188
Carpenter, Bob;76346
Ray, Allan;200810
Roy, Brandon;200750
Brennan, Tom;76246
Awtrey, Dennis;76078
Heard, Garfield;76985
Fowlkes, Tremaine;1762
White, DJ;201591
Slade, Jeff;78170
Burton, Ed;76314
Walker, Samaki;955
Brown, Gerald;1871
King, Albert;77263
Miles, Eddie;77596
Pinckney, Ed;291
Collison, Darren;201954
Green, Jeff;201145
Rencher, Terrence;720
Rowland, Derrick;78030
Erickson, Keith;76680
Shumate, John;78143
Long, Grant;3
Marlatt, Harvey;77464
Freeman, Gary;76755
Westphal, Paul;78500
DeBusschere, Dave;76545
Edwards, Doug;346
Martin, Ronald;77479
Morris, Chris;356
Gantt, Bob;76776
Brown, Tony;76268
Harris, Michael;200839
Adams, Michael;149
Spencer, Elmore;771
Horford, Al;201143
Grant, Gary;202
Atha, Richard;76069
Washburn, Chris;78463
Grant, Greg;285
Ford, Don;76734
Ledo, Ricky;203495
Boozer, Carlos;2430
Baxter, Lonny;2437
Darcey, Henry;76506
Fenley, Bill;76706
Moreland, Eric;203961
White, Rodney;2206
Meschery, Tom;77584
Gardner, Vern;76779
Garris, Kiwane;1619
Smith, Deb;78182
Lee, Ron;77364
Lochmueller, Bob;77397
McGinnis, George;77532
Woolridge, Orlando;78615
Sydnor, Wallace;78287
Nicks, Carl;77715
Shannon, Howie;78124
Gordon, Aaron;203932
Jefferson, Richard;2210
Smith, Steven;120
Rivas, Ramon;77969
Wertis, Ray;78494
Hemric, Dick;76989
Walk, Neal;78432
Shea, Bob;78130
Feiereisel, Ron;76701
Collins, Art;76416
Gervin, George;76804
Marion, Shawn;1890
Bradley, Avery;202340
Klier, Leo;77283
Taylor, Tyshawn;203116
Cross, Jeff;76476
Churchwell, Robert;928
Harris, Manny;202412
Dudley, Charles;76607
Swartz, Dan;78285
Comley, Larry;76427
Owens, Eddie;77782
Crow, Mark;76481
Samb, Cheikh;200798
Ard, Jim;76055
Duckett, Dick;76605
Wilkinson, Dale;78538
McKinney, Carlton;77545
Mottola, Hanno;2069
Oyedeji, Olumide;2071
Fortson, Courtney;202622
Allen, Bob;76028
Murphy, Ronnie;77673
Kearns, Tommy;77231
Kinch, Chad;77262
Taylor, Jermaine;201966
Minor, Dave;77610
Douglas, Leon;76590
Claxton, Speedy;2049
Janisch, John;77120
Gray, Ed;1516
Richardson, Pooh;71
Parker, Sonny;77800
McGee, JaVale;201580
Ekezie, Obinna;1918
Arlauckas, Joe;76057
O'Shields, Garland;77774
McCann, Brendan;77500
Bell, Raja;1952
Borchardt, Curtis;2414
Pollard, Scot;1513
McCloud, George;45
Farmar, Jordan;200770
Criss, Charlie;76471
Morris, Marcus;202694
Martin, Kenyon;2030
Lenard, Voshon;702
Manning, Ed;77454
Jones, Charles;77178
Haywood, Spencer;76981
Turiaf, Ronny;101142
Green, Litterial;1036
Smith, Keith;78192
Whitehead, Jerome;78516
Kerris, Jack;77249
Hewitt, Bill;77013
Huffman, Nate;1572
Les, Jim;77372
Thomas, Terry;78322
Long, Art;1609
Thornton, Marcus;201977
Hubbard, Bob;77072
Johnson, Ivan;201274
Almond, Morris;201165
Zunic, Matt;78650
O'Brien, Bob;77744
Jones, K.C.;77188
Williams, Bernie;78540
Cavenall, Ron;76370
Daniels, Erik;2845
Mlkvy, Bill;77619
Dampier, Lou;76499
Finley, Michael;714
Davis, Paul;200781
Olowokandi, Michael;1709
Dahler, Ed;76496
Scalabrine, Brian;2243
Barbosa, Leandro;2571
Guidinger, Jay;76904
Cousy, Bob;600003
Tyra, Charlie;78391
Wells, Ralph;78489
Russell, Walker;78048
Strickland, Erick;1065
Neumann, Johnny;77705
Owens, Tom;77786
Beard, Butch;76130
Jones, Kevin;203158
Plumlee, Mason;203486
Franklin, Jamaal;203479
Ennis, James;203516
Brittain, Mike;76260
McCarty, Howie;77507
Lohaus, Brad;38
Otten, Don;77778
Gudmundsson, Petur;76901
Brown, Damone;2245
Seltz, Rollie;78112
Higgins, Mike;1848
Bennett, Elmer;1120
Caldwell, Adrian;154
Kerr, Johnny;77248
McLemore, Mccoy;77548
Benoit, David;128
Garland, Winston;76782
Williams, Rickey;78563
Tower, Keith;700
Snell, Tony;203503
Young, Danny;78633
Williams, Shelden;200749
Hansbrough, Ben;203162
Frankel, Nat;76749
Roberson, Terrance;2121
Calathes, Nick;201979
Garland, Gary;76781
Kelly, Gerard;77237
Butler, Greg;76320
Hansbrough, Tyler;201946
Richmond, Mitch;782
Splitter, Tiago;201168
Snyder, Dick;78213
Kauffman, Bob;77227
Rennicke, John;77941
Smawley, Belus;78176
Miner, Harold;114
Harris, Tony;76961
Lister, Alton;175
Siewert, Ralph;78148
Wilcox, CJ;203912
Jackson, Jim;754
Ehlers, Eddie;76649
McDaniel, Xavier;1365
Davis, Ralph;76532
Freije, Matt;2782
Brookfield, Price;76264
Matthews, Wesley;202083
Antetokounmpo, Giannis;203507
Christmas, Dionte;202091
Kearns, Michael;77230
Hammonds, Tom;67
Rollins, Tree;78014
Calhoun, Bill;76331
McCallum, Ray;203492
Garnett, Bill;76785
Zeller, Gary;78641
Frazier, Will;76751
Bohannon, Etdrick;1564
Powell, Dwight;203939
Nailon, Lee;1924
Lillard, Damian;203081
Paxson, Jim;77819
Malone, Karl;252
Azubuike, Kelenna;101235
Bonner, Anthony;41
Glick, Norman;76823
Tormohlen, Gene;78358
Wittman, Randy;1456
Biasatti, Hank;76161
Neal, Craig;77694
Williams, Pete;78566
Owes, Ray;1077
McCarter, Andre;77504
Johnson, Dennis;77141
Williams, Bob;78564
Arizin, Paul;76056
Capela, Clint;203991
Todorovich, Marko;78346
Chandler, Tyson;2199
Edwards, Jay;76643
Lang, Antonio;226
Gibson, Ward;76811
English, A.J.;76672
Anderson, Ron;76046
Hazen, John W.;76982
McCarter, Willie;77505
Kea, Clarence;77229
Napolitano, Paul;77686
Leonard, Meyers;203086
Raiken, Sherwin;77903
Harper, Derek;157
Jones, Fred;2410
Raymond, Craig;77921
Crawford, Jordan;202348
Gasol, Pau;2200
Paulson, Jerry;77816
Noel, David;200786
Beenders, Hank;76139
Staverman, Larry;78244
Smith, Greg;78190
Chamberlain, Bill;76374
Henriksen, Don;76999
Spanoulis, Vassilis;2779
Williams, Mike;78558
Thomas, Tyrus;200748
Owens, Andre;101261
Finn, Danny;76717
Anthony, Greg;21
Eddleman, Thomas;76636
Lee, Clyde;77357
Barrett, Ernie;76114
Van Breda Kolff, Butch;78401
Collison, Nick;2555
Nolan, Jim;77724
Morningstar, Darren;77644
Boerwinkle, Tom;76192
Hassett, Joey;76966
Eliason, Don;76653
McGaha, Mel;77529
Dooling, Keyon;2039
Hannum, Alex;76937
Warren, Willie;202378
Stevens, Barry;78251
Zaslofsky, Max;78638
Stephens, Everette;78247
Landry, Carl;201171
Smith, Russ;203893
Piontek, Dave;77862
Hart, Jason;2078
Hobson, Darington;202359
Piotrowski, Tom;77863
Porter, Chris;2084
Fisher, Derek;965
King, Reggie;77273
Kittles, Kerry;954
Johnson, Eddie;77144
Jones, Rich;77192
Hoefer, Adolph;77035
McCarthy, Johnny;77506
Oliver, Dean;2352
Batista, Esteban;101212
Nash, Bob;77688
Aldrich, Cole;202332
Chollet, Leroy;76391
Jones, Charles R.;1869
Fuller, Hiram;2673
Singler, Kyle;202713
Shasky, John;1117
Romar, Lorenzo;78015
Celestand, John;1911
Udoh, Ekpe;202327
Perkins, Sam;64
Halliburton, Jeff;76923
Beasley, Jerome;2602
Burns, David;76307
Schrempf, Detlef;96
Waiters, Granville;78430
Cartwright, Bill;76362
Williamson, John;78575
Dieng, Gorgui;203476
Lattin, Dave;77342
Haslem, Udonis;2617
Andersen, Chris;2365
Eisley, Howard;458
Anderzunas, Wally;76048
Carr, Antoine;156
Perry, Curtis;77835
Calhoun, Corky;76330
Frye, Channing;101112
Aldridge, LaMarcus;200746
White, Royce;203091
Miller, Mike;2034
Smith, Bill;78207
Blab, Uwe;76172
Nicholson, Andrew;203094
Kidd-Gilchrist, Michael;203077
Fesenko, Kyrylo;201178
Flynn, Mike;76727
Villanueva, Charlie;101111
Pavlovic, Sasha;2562
Novak, Steve;200779
Dickerson, Henry;76563
Crevier, Ron;76469
Stacom, Kevin;78237
Walker, Horace;78438
Feerick, Bob;76698
Caboclo, Bruno;203998
Wade, Dwyane;2548
Bolger, Bill;76196
Murphy, Jay;77670
Hill, George;201588
Teague, Jeff;201952
Benjamin, Benoit;104
Davis, Michael;76530
Faught, Bob;76696
Stutz, Stan;78276
Park, Medford;77799
Lawal, Gani;202371
Barnes, Matt;2440
Sobie, Ron;78216
Crossin, Francis;76479
Warley, Ben;78458
Simien, Wayne;101134
Bryant, Joe;76290
Rozier, Clifford;32
Davis, Ed;202334
Huston, Paul;77088
Armstrong, Tate;76059
Stewart, Kebu;1529
Shakur, Mustafa;201203
Phelan, Jack;77850
Williams, Kenny;78555
Tillis, Darren;78343
Barry, Brent;699
Ellis, Alexander;76658
Ginobili, Manu;1938
Porter, Howard;77875
Vandeweghe, Kiki;78404
Okafor, Emeka;2731
Johnston, Neil;77169
Martin, Bill;77481
Theus, Reggie;78310
Hazzard, Walt;76983
Johnson, JaJuan;202707
Ewing Jr., Patrick;201607
Miles, Aaron;101223
Kron, Tom;77313
Anderson, Derek;1507
Augustine, James;200788
Anderson, Michael;76042
Johnson, Steve;77134
Johnson, Nick;203910
Dillon, John;76571
Jack, Jarrett;101127
Monroe, Earl;600006
Reed, Hub;77927
Stroud, John;78274
Diaz, Guillermo;200799
Anderson, Dwight;76037
Green, Draymond;203110
Robinson, Glenn;203922
Russell, Campy;78047
Hairston, Happy;76916
Anderson, Mitchell;76043
Edwards, Franklin;76641
Neumann, Paul;77706
White, Rudy;78513
Lee, Doug;77358
Cambridge, Dexter;76337
Randolph, Anthony;201576
Payton, Elfrid;203901
Daniels, Marquis;2605
Guokas, Matt;76908
Smith, Josh;2746
Armstrong, Bob;76061
Thirdkill, David;78314
Williams, Marvin;101107
Lowery, Chuck;77416
Nelson, Don;77700
Bannister, Ken;76094
O'Bryant, Johnny;203948
Thorn, Rod;78335
Harris, Terrel;202227
Booker, Trevor;202344
Parker, Tony;2225
Burks, Antonio;2766
Marsh, Eric;77465
Ehlo, Craig;378
Kravtsov, Viacheslav;203139
Schaefer, Herm;78071
Ubiles, Edwin;202775
Bartels, Ed;76117
Billups, Chauncey;1497
Dinwiddie, Bill;76576
Brown, P.J.;136
Ellington, Wayne;201961
Thompson, Paul;78332
Catledge, Terry;767
Boryla, Vince;76210
Lampley, Jim;77333
Faried, Kenneth;202702
Williams, Jordan;202716
Drew, Bryce;1724
Sweetney, Michael;2552
Rush, Brandon;201575
Ferry, Danny;198
Williams, Jayson;420
Rothenberg, Irv;78023
Gay, Rudy;200752
Gugliotta, Tom;339
Roberts, Joe;77977
Senesky, George;78115
Redmond, Marlon;77926
Colter, Steve;306
Powell, Kasib;2867
Dietrick, Coby;76567
Davis, Mel;76529
Navarro, Juan Carlos;2434
Rocha, Red;77999
Anderson, Cliff;76035
Thompson, David;78326
Ruffin, Michael;1913
Roberts, Marv;77978
Williams, Freeman;78548
Willoughby, Dedric;2000
Williams, Lou;101150
Recasner, Eldridge;695
Hogue, Paul;77038
Towery, William;78363
Musi, Angelo;77677
Gminski, Mike;76826
Williams, Guy;78550
Farmer, Mike;76694
Carlisle, Rick;76342
Gregor, Gary;76883
Hood, Derek;1967
Krystkowiak, Larry;1474
Garcia, Alex;2682
Ibaka, Serge;201586
El-Amin, Khalid;2064
Lock, Robert;77398
White, Randy;1839
Bramlett, A.J.;1920
Webber, Chris;185
Gallinari, Danilo;201568
Turner, Bill;78385
Halimon, Shaler;76922
Lorthridge, Ryan;943
Jordan, DeAndre;201599
Slokar, Uros;101166
Mason Jr., Roger;2427
Hansen, Bob;76942
Gilmur, Chuck;76818
Vasquez, Greivis;202349
O'Sullivan, Dan;77776
Davis, Antonio;213
Marin, Jack;77463
Johnson, Tyler;204020
Block, John;76187
Longley, Luc;26
Mengelt, John;77580
Davis, Charlie;76519
Reynolds, George;77945
Murphy, Dick;77672
Blackwell, Nate;76179
Pollard, Jim;77867
Jackson, Darnell;201616
Washington, Kermit;78467
Keeling, Harold;77233
Meinhold, Carl;77574
Drew, John;76598
Starks, John;317
Taylor, Donell;101182
Barry, Rick;600013
Donham, Bob;76584
Baker, Maurice;2486
Patterson, Steve;77812
Mitchell, Murray;77616
Hovasse, Tom;77064
Willoughby, Bill;78577
White, Willie;78515
Barkley, Charles;787
Britt, Tyrone;76258
MacGilvray, Ronnie;77430
Noble, Chuck;77722
Hill, Tyrone;238
Malone, Jeff;117
Rowsom, Brian;78031
Brown, Rickey;76283
Jordan, Reggie;674
Morris, Isaiah;77647
Edwards, James;229
Marshall, Vester;77468
Buckner, Cleveland;76295
Foley, Jack;76729
Thompson, Mychel;202814
Harden, James;201935
Parham, Estes;77797
Caldwell, Jim;76328
Jones, Bobby;200784
Jackson, Stephen;1536
Schayes, Dan;7
Cooley, Jack;204022
Kinney, Bob;77277
Jenkins, Charles;202724
Wood, Howard;78609
Vallely, John;78397
Green, Rickey;76874
Anderson, Kenny;72
Smith, Ish;202397
Watkins, Darryl;201208
Boynes, Winford;76225
Smith, Stevin;1478
Carroll, Matt;2679
Johnson, Arnie;77132
Dentmon, Justin;202458
English, Kim;203119
Dumas, Tony;434
Curry, Eddy;2201
Williams, Eric;677
Maddox, Tito;2432
Gibson, Dee;76808
Major, Renaldo;200970
Thomas, Jamel;1975
Palacio, Milt;1960
Griffin, Taylor;201981
Bunt, Dick;76301
Baker, Vin;452
Dukes, Walter;76611
DuVal, Dennis;76623
Brickowski, Frank;783
Brown, Bob;76284
Jones, Earl;77183
Smith, Donta;2764
Alexander, Joe;201570
Black, Tom;76175
Collins, Mardy;200776
Oakley, Charles;891
Miller, Brad;1802
Mast, Eddie;77483
McDaniels, KJ;203909
Grant, Harvey;265
Baker, Norm;76089
Flowers, Bruce;76725
Wade, Mark;78426
Knight, Brandon;202688
Boozer, Bob;76206
Williams, Shammond;1742
Johnson, Darryl;683
Vetra, Gundars;78415
Parks, Cherokee;685
Jamison, Antawn;1712
Grimshaw, George;76893
Burleson, Tom;76305
Harrington, Adam;2492
Masino, Al;77482
Copeland, Lanard;76448
Moore, Jackie;77634
Orr, Johnny;77769
Rensberger, Rob;77942
Jerrett, Grant;203511
Nurkic, Jusuf;203994
Bobb, Nelson;76190
Bradley, Michael;2214
Cook, Anthony;76433
Mayo, O.J.;201564
Holzman, Red;77050
Miller, Jay;77601
Bryant, Mark;95
Gelabale, Mickael;101153
Grandison, Ronnie;97
Mullins, Jeff;77662
Porter, Terry;345
White, James;200778
Hoffman, Bear, The Body;77036
Glamack, George;76820
Tucker, Jim;78374
Carroll, DeMarre;201960
Savage, Don;78066
Mehen, Dick;77572
Brown, Harold;76275
Harpring, Matt;1723
Wood, Leon;78611
Zeller, Luke;202545
Curley, Bill;223
Haffner, Scott;76911
Amundson, Lou;200811
Mills, John;77606
Uplinger, Hal;78393
Thompson, Mychal;78331
Mourning, Alonzo;297
Smith, Phil;78199
Smyth, Joe;78212
Rooks, Sean;399
Towe, Monte;78361
Ridgle, Jackie;77957
Charles, Lorenzo;76384
Henderson, Dave;76991
Roberts, Anthony;77975
Roundfield, Dan;78025
Sefolosha, Thabo;200757
Reid, Jim;77935
Miller, Darius;203121
Richardson, Clint;77950
James, Henry;1080
Trepagnier, Jeff;2244
Otten, Mac;77779
McLemore, Ben;203463
Moon, Jamario;200081
Farmer, Jim;76695
Hornacek, Jeff;204
Radja, Dino;129
Hawthorne, Nate;76978
Green, Gerald;101123
Harrington, Othella;970
Daniels, Antonio;1498
Gai, Deng;101184
Law, Acie;201151
Townes, Linton;78364
Smith, Joe;693
Arroyo, Carlos;2306
Boone, Ron;76204
Martin, Fernando;77472
Hitch, Lew;77032
Sibert, Sam;78144
Noszka, Stan;77735
Wilkins, Jeff;78537
Fulks, Joe;76764
Loughery, Kevin;77411
Booth, Keith;1522
Rautins, Leo;77916
Krautblatt, Herb;77310
Davis, Bob;76533
Marciulionis, Sarunas;36
Harris, Joe;203925
Cash, Cornelius;76364
Leede, Ed;77366
Thompson, Corny;78325
Smith, Charles;293
Cleamons, Jim;76402
Lalich, Pete;77329
Vranes, Slavko;2582
Holub, Dick;77048
Ray, Jim;77919
Amaechi, John;680
Galloway, Langston;204038
Wright, Howard;78621
Anderson, Daniel;76036
Powe, Leon;200796
Williams, Rob;78565
McMillian, Jim;77554
Rowinski, Jim;78029
Vincent, Jay;78418
Basden, Eddie;101188
McCoy, Jelani;1741
Oliver, Brian;1680
Dantley, Adrian;76504
Wright, Bracey;101152
Johnstone, Jim;77171
Chamberlain, Wilt;76375
Kerr, Steve;70
Parker, Jabari;203953
Unseld, Wes;78392
Owens, Keith;77785
Lopez, Robin;201577
Smith, Randy;78200
Perdue, Will;781
Borsavage, Costic;76209
Muscala, Mike;203488
Risen, Arnie;77967
Dove, Lloyd;76592
Levingston, Cliff;77377
Mitchell, Mike;77615
Reeves, Bryant;735
Cross, Pete;76477
N'Dong, Boniface;101238
Sacre, Robert;203135
Zidek, George;678
Walker, Henry;201611
Rigaudeau, Antoine;2541
Cousin, Marcus;202408
Sessions, Ramon;201196
Wheeler, Tyson;1755
Crowder, Corey;76482
Wiley, Morlon;78528
Caracter, Derrick;202382
Washington, Bobby;78469
Mullens, Bob;77660
Paxson, John;77820
Davis, Brad;76516
Black, Tarik;204028
Martin, Cuonzo;733
Johnson, Buck;77130
Brown, Dee;244
Lehmann, George;77369
Harmon, Jerome;76952
Shved, Alexey;203144
Duckworth, Kevin;404
Barnhill, John;76108
Sasser, Jason;987
Richardson, Quentin;2047
Robinson, James;381
Green, JaMychal;203210
Bagaric, Dalibor;2053
Williams, Don;78545
Gaffney, Tony;202070
Levane, Andrew;77375
Jones, Sam;77196
Ellis, Harold;1677
Henry, Skeeter;77003
Gamble, Kevin;333
Whitfield, Dwayne;730
Ford, Jake;76735
Solomon, Will;2226
Riley, Bob;77963
Twyman, Jack;78388
Bazarevich, Sergei;76128
Hayes, Jarvis;2553
Sadowski, Ed;78050
Vinson, Fred;1844
Crittenton, Javaris;201159
Kendrick, Frank;77242
Pachulia, Zaza;2585
Heggs, Alvin;76987
Schweitz, John;78093
Scott, James;1109
McBride, Ken;77499
Davis, Charlie;76518
Harris, Art;76956
Hinrich, Kirk;2550
Woods, Randy;1010
Wayns, Maalik;203146
Mahorn, Rick;328
Mahinmi, Ian;101133
Babb, Chris;203569
Alexander, Cory;724
Battle, John;174
Kaftan, George;77218
Heal, Shane;1049
Bayless, Jerryd;201573
Elson, Francisco;1922
Nichols, Demetris;201193
Herrmann, Walter;200835
Cole, Norris;202708
Langhi, Dan;2061
Chones, Jim;76392
Dailey, Quintin;76497
Armstrong, Paul;76060
Kennedy, D.J.;202810
Biedrins, Andris;2740
Williams, Derrick;202682
Smith, Craig;200783
Champion, Mike;76378
Owens, Larry;202082
Smith, Chris;1814
Dumas, Richard;30
Green, Si;76877
Nichols, Jack;77713
Walton, Bill;78450
Martin, Darrick;239
Ellison, Pervis;442
Archibald, Nate;76054
O'Keefe, Tommy;77753
Brewer, Ronnie;200758
Weaver, Kyle;201602
Spears, Odie;78225
Carr, M.L.;76351
Gillette, Gene;76813
McMillen, Tom;77553
Riordan, Mike;77966
Grayer, Jeff;81
Ratliff, Theo;689
Durrant, Devin;76621
Strothers, Lamont;78273
Dare, Yinka;212
Gutierrez, Jorge;203268
Mackey, Malcolm;1635
Vranes, Danny;78423
Cousins, DeMarcus;202326
Cummings, Pat;76483
Twardzik, Dave;78387
Ager, Maurice;200772
Hughes, Alfredrick;77076
McGuire, Allie;77535
Brown, George;76273
Pritchard, Kevin;340
Waiters, Dion;203079
Rider, Isaiah;375
McDowell, Hank;77527
Lloyd, Scott;77396
Dozier, Terry;76596
Drexler, Clyde;17
Peplowski, Mike;46
Wilcox, Chris;2404
Webb, Marcus;78478
Schatzman, Marv;78074
White, Eric;78507
Brown, Marcus;992
Tingle, Jack;78344
Goodrich, Gail;76832
Moncrief, Sidney;77626
Anderson, Kim;76041
Smith, Labradford;78194
Eaton, Mark;76631
Popson, Dave;77872
Pellom, Sam;77829
Aminu, Al-Farouq;202329
Bassett, Tim;76120
Joseph, Garth;2123
Hyder, Greg;77091
Gattison, Kenny;930
Jones, Askia;77174
Keller, Ken;77234
Restani, Kevin;77944
Schenscher, Luke;101195
Hoover, Tom;77051
King, George;77268
Bunch, Greg;76300
Rottner, Mickey;78024
Mashburn, Jamal;469
Melchionni, Gary;77575
Myers, Pete;939
Shammgod, God;1539
Hendrickson, Mark;971
Taylor, Jeff;203106
Norris, Sylvester;77732
Wilkins, Damien;2863
Hardy, James;76948
Crawford, Chris;1544
Henderson, Cedric;76990
Nachamkin, Boris;77682
Buycks, Dwight;202779
Bristow, Allan;76257
Britt, Wayman;76259
Tough, Bob;78360
Taft, Chris;101147
Hansen, Lars;76941
Thomas, Isiah;78318
Shelton, Lonnie;78133
Allen, Lavoy;202730
Tolbert, Ray;78348
Govedarica, Bato;76837
Hasbrouck, Kenny;202238
Wallace, Ben;1112
Gilmore, Walt;76817
Endress, Ned;76669
Carter, Butch;76355
Miller, Bill;77605
Jones, Robin;77194
Bradds, Gary;76227
Bennett, Tony;76148
Johnson, Ken;2256
Nathan, Howard;77690
Wilson, Othell;78578
Shelton, Craig;78132
George, Tate;76801
Barros, Dana;344
Fleishman, Jerry;76721
Bryn, Torgeir;76292
Allen, Lucius;76027
Teagle, Terry;78304
Childs, Chris;164
Pullard, Anthony;77890
Beaty, Zelmo;76133
Green, Sidney;76876
Battie, Tony;1499
Hutton, Joe;77090
Dudley, Jared;201162
Postell, Lavor;2068
Williams, Deron;101114
Djordjevic, Aleksandar;1059
Bolstorff, Doug;76197
Tucker, Trent;78375
Schnellbacher, Otto;78085
Byrnes, Tommy;76322
Kleiza, Linas;101132
Chalmers, Mario;201596
Murphy, Kevin;203122
Bird, Jerry;76168
Cheeks, Maurice;76385
Horn, Ron;77058
Meineke, Don;77573
Frahm, Richie;2499
Avent, Anthony;138
Schultz, Howie;78091
Robisch, Dave;77998
Jones, Jumaine;1908
Gondrezick, Glen;76830
Swain, Bennie;78283
Walker, Brady;78434
Kupec, Charles;77325
Quinnett, Brian;77893
Hunter, Lindsey;283
Jennings, Brandon;201943
Barnes, Harrison;203084
Thabeet, Hasheem;201934
Jones, Eddie;224
Rentzias, Efthimios;981
Causwell, Duane;190
Diener, Travis;101143
Lane, Jerome;77335
Skinner, Al;78167
Addison, Rafael;912
Jeannette, Buddy;77125
Kappen, Tony;77222
Johnson, Ervin;911
Starr, Keith;78243
Overton, Claude;77780
Collins, Jarron;2260
Griffin, Adrian;1559
Jorgensen, Johnny;77211
Dorsey, Jacky;76587
Wilson, George;78579
Smart, Marcus;203935
Yao Ming;2397
Tarlac, Dragan;1434
Santini, Bob;78061
Herrera, Carl;61
Selbo, Glen;78109
Bowman, Ira;1085
Randle, Julius;203944
Corley, Ray;76452
Sanders, Frankie;78057
Jones, Solomon;200780
Emmett, Andre;2765
Gunther, Coulby;76905
Edwards, John;2823
Potapenko, Vitaly;958
Abernethy, Tom;76005
Lloyd, Earl;77394
Grant, Josh;76852
Williams, Chuckie;78541
Joseph, Kris;203126
Mihalik, Zigmund;77589
Hammink, Geert;903
Butler, Rasual;2446
Lampley, Sean;2253
Ward, Gerry;78455
Von Nieda, Whitey;78422
Oden, Greg;201141
Jones, Anthony;77173
Buechler, Jud;146
Abdelnaby, Alaa;76001
Ragelis, Ray;77902
Davis, Ron;76534
Oladipo, Victor;203506
James, Aaron;77115
Pargo, Jannero;2457
Lee, Kurk;77362
Taylor, Jay;78297
Conley, Gene;76428
Robinson, Rumeal;716
Sullinger, Jared;203096
Biyombo, Bismack;202687
Jackson, Ralph;77107
Reid, J.R.;462
Filipek, Ron;76714
Olajuwon, Hakeem;165
Adams, Jordan;203919
Dawkins, Paul;76541
Love, Bob;77412
Macon, Mark;1855
Yardley, George;78628
Murphy, Erik;203513
Killum, Ernie;77257
Jerebko, Jonas;201973
Dial, Derrick;1760
Robinson, Oliver;77994
Whiteside, Donald;1126
Bullard, Matt;672
Adelman, Rick;76015
Perry, Elliot;386
Bartolome, Vic;76118
Spruill, Jim;78235
Horner, Dennis;202862
Sura, Bob;682
Alston, Rafer;1747
Williams, Willie;78574
Payne, Adreian;203940
Outlaw, Travis;2566
O'Neal, Jermaine;979
Dehere, Terry;143
Shengelia, Tornike;203129
Granger, Stewart;76847
Dandridge, Bob;76500
Harrison, David;2758
Johnson, Magic;77142
Harrington, Al;1733
Palazzi, Togo;77791
Bosh, Chris;2547
Wood, David;116
Nevitt, Chuck;77707
Sears, Ken;78106
Knight, Brevin;1510
Melo, Fab;203097
Austin, John;76073
Cvetkovic, Rastko;687
Dragic, Goran;201609
Ivey, Royal;2767
Christopher, Patrick;203565
Smith, Bingo;78202
Roberts, Bill;77979
Canaan, Isaiah;203477
Baechtold, Jim;76081
Ferrell, Duane;273
Porter, Otto;203490
Poquette, Ben;77873
Bell, William;76143
Robinson, Flynn;77988
Hill, Herbert;201195
Abramovic, John;76007
Higgs, Kenny;77021
Sinicola, Zeke;78163
Jeffers, Othyus;201785
Morgan, Rex;77641
Mandic, John;77452
Wilcutt, D.C.;78525
Ford, Alton;2228
Embiid, Joel;203954
Kerner, Jonathan;1801
Johnson, Orlando;203111
Judkins, Jeff;77215
Kofoed, Bart;77294
Schoene, Russ;78087
Hilton, Fred;77029
Dillard, Mickey;76569
MacLean, Don;931
Jackson, Lucious;77103
Tyler, B.J.;189
Adams, Steven;203500
Rose, Robert;78016
Dyker, Gene;76626
Hollins, Lionel;77043
Blake, Steve;2581
McDonald, Glenn;77525
Swinson, Aaron;78286
Wilson, Bobby;78585
Llamas, Horacio;1024
Nostrand, George;77734
Thornton, Bob;738
Williams, Samuel;78569
Delk, Tony;960
Afflalo, Arron;201167
Sheppard, Jeff;1852
Wilson, Isaiah;78580
Brown, Lorenzo;203485
Acton, Charles;76010
Schade, Frank;78069
Toolson, Andy;342
May, Don;77489
Taylor, Vince;78303
Greenwood, David;76881
Davis, Jim;76525
Lantz, Stu;77338
Mosley, Glenn;77653
Colson, Sean;2173
Macklin, Rudy;77435
Jamison, Harold;1942
Gunther, Dave;76906
Irving, Kyrie;202681
Gabor, Billy;76768
Olberding, Mark;77756
Passaglia, Marty;77806
Riebe, Mel;77958
Scott, Brent;1064
Riley, Ron;77964
Abdul-Jabbar, Kareem;76003
Bedford, William;76138
Tucker, Anthony;141
Williams, Elliot;202343
Thomas, Isaiah;202738
Ingram, Joel;77095
Sappleton, Wayne;78062
Behagen, Ron;76140
Buse, Don;76317
Jones, James;2592
Rudometkin, John;78037
Curry, Michael;688
Sparrow, Rory;600009
Garces, Ruben;2092
Singleton, Mckinley;78162
Wier, Murray;78521
Hodge, Donald;1106
Pinkney, Kevinn;200838
Chaney, Don;76379
Ellis, Leroy;76663
Volker, Floyd;78420
Aleksinas, Chuck;76021
Brennan, Pete;76245
Giddens, J.R.;201592
Witte, Luke;78603
Monroe, Rodney;77628
Ramos, Peter;2762
Simon, Miles;1750
Morgenthaler, Elmo;77642
Petersen, Jim;77839
Alexander, Victor;2349
Madsen, Mark;2058
Stanczak, Ed;78240
Collins, James;1530
Hatton, Vern;76969
Jones, Larry;77200
Murphy, Tod;77674
Washington, Richard;78468
Kelley, Rich;77235
Blue, Vander;203505
Vroman, Brett;78425
Davis, Bill;76538
Skiles, Scott;101
Williams, Terrence;201944
Moore, Ron;77637
Hewson, Jack;77014
Anielak, Don;76049
Jones, Dwight;77182
Kukoc, Toni;389
Jacobs, Winfred;77112
Gee, Alonzo;202087
Hastings, Scott;76968
Shannon, Earl;78123
Boven, Don;76214
Rogers, Rodney;915
Brown, Andre;2810
Battle, Kenny;76123
Holstein, Jim;77045
Yelverton, Charlie;78631
Crispin, Joe;2343
Richardson, Micheal Ray;77952
Chambers, Jerry;76376
Day, Todd;103
Nelson, Barry;77699
Jones, Edgar;77184
English, Alex;76673
Araujo, Rafael;2737
Reiser, Joseph;77938
Rowe, Curtis;78028
Schoon, Milt;78089
Haskins, Clem;76965
Acker, Alex;101165
Cardinal, Brian;2073
Bryant, Kobe;977
Petro, Johan;101130
Wenstrom, Matt;78492
Augustin, D.J.;201571
Eschmeyer, Evan;1915
Nater, Swen;77689
Nixon, Norm;77721
Eakins, Jim;76628
Harris, Gary;203914
Harris, Elias;203548
Bowman, Nate;76219
Stith, Tom;78260
Closs, Keith;1569
Thomas, John;1519
Pearcy, Henry;77826
Rogers, Roy;964
Scola, Luis;2449
McNeill, Larry;77561
Morris, Max;77646
Nix, Dyron;77720
Vance, Gene;78402
Hairston, PJ;203798
Brooks, Scott;418
Thomas, Irving;78317
Ford, Sharrod;101213
Bridges, Bill;76253
Valentine, Darnell;78395
Paultz, Billy;77817
Waller, Jamie;78445
Frank, Tellis;76748
Pittman, Dexter;202354
Wood, Bob;78612
Murphy, Troy;2211
Lowe, Sidney;77415
Akin, Henry;76018
Cure, Armand;76489
Dickens, Kaniel;2079
Foster, Jeff;1902
Grundy, Anthony;101219
Jackson, Tracy;77110
Hayward, Gordon;202330
Webster, Marvin;78481
Moore, Lowes;77635
Shouse, Dexter;78140
Hamilton, Dennis;76926
Askins, Keith;173
Powell, Josh;2694
McHale, Kevin;1450
Sluby, Tom;78174
McCaskill, Amal;1043
James, Bernard;203108
Hillhouse, Art;77027
Toomay, Jack;78355
Kistler, Doug;77279
Higgins, Sean;925
Kiffin, Irv;77255
Clifton, Nat;76404
Seymour, Paul;78117
Rush, Kareem;2416
Lewis, Freddie;77380
Machado, Scott;203159
Shaeffer, Carl;78120
Songaila, Darius;2443
Pippen, Scottie;937
Martin, Jeff;77474
Eggleston, Lonnie;76648
Bazemore, Kent;203145
Robinzine, Bill;77997
Niles, Mike;77718
Hall, Mike;200837
Schafer, Bob;78072
Gilder, Trey;201821
Bond, Phil;76198
Baston, Maceo;1766
Owens, Jim;77784
Beverley, Patrick;201976
Dampier, Erick;956
Wall, John;202322
Anderson, Jerome;76040
Saul, Frank;78063
Selby, Josh;202729
Payak, Johnny;77821
Williams, Reggie;202130
Brown, Randy;753
Mullaney, Joe;77659
Jolliff, Howie;77172
Bellamy, Walt;76144
Smith, Clinton;78181
Miles, CJ;101139
Rusconi, Stefano;474
Dallmar, Howie;76498
Kornet, Frank;77301
Hunter, Brandon;2599
Smith, Robert;78204
Williams, Earl;78546
Dragic, Zoran;204054
Fuller, Tony;76765
Johnston, Nate;77170
Thomas, Charles;78316
Whitney, Charles;78519
Brown, Leon;76278
Hosket, Wilmer;77061
Garrett, Calvin;76786
LaRue, Rusty;1601
Brian, Frank;76250
Wilkes, Jamaal;78532
Harrellson, Josh;202725
Scolari, Freddie;78094
Gadzuric, Dan;2429
Swift, Robert;2741
Jones, Dominique;202346
Larkin, Shane;203499
Roges, Al;78010
Bragg, Marques;66
Smith, Chris;203147
Feitl, Dave;76703
Phillips, Gary;77855
Drew, Larry;76599
DeClercq, Andrew;692
Seminoff, Jim;78114
Williams, Lorenzo;31
Courtney, Joe;1432
Nedovic, Nemanja;203517
Doll, Bob;76582
Keys, Randolph;705
Young, Tim;1937
Williams, Alvin;1541
Collier, Jason;2044
Leslie, Travis;202727
Springer, Jim;78234
Counts, Mel;76458
Tsakalidis, Jake;2054
Closs, Bill;76406
Tieman, Dan;78342
Fields, Kenny;76713
Moultrie, Arnett;203102
Stith, Sam;78259
Polee, Dwayne;77866
Murray, Ronald;2436
Windsor, John;78591
Bargnani, Andrea;200745
Buckner, Greg;1761
Luckenbill, Ted;77421
Holland, Joe;77041
Lingenfelter, Steve;77389
Green, Lamar;600011
Anthony, Carmelo;2546
Acres, Mark;76009
Pruitt, Gabe;201172
Cato, Kelvin;1509
Callahan, Tom;76333
Anthony, Joel;201202
Fuller, Todd;957
Malone, Moses;77449
Dyson, Jerome;202406
Brisker, John;76256
Mills, Chris;168
Randolph, Zach;2216
Hood, Rodney;203918
Knight, Toby;77289
Beal, Bradley;203078
Floyd, Sleepy;76726
Samake, Soumaila;2066
Adams, Alvan;76011
Geary, Reggie;1002
Beach, Ed;76129
Wingo, Harthorne;78596
Henderson, Kevin;76994
Carrington, Bob;76352
Weitzman, Rick;78486
Byrnes, Marty;76321
Turner, Wayne;1943
Wright, Julian;201153
Hamilton, Jordan;202706
Knight, Bob;77287
Pierce, Ricky;894
Horry, Robert;109
Branson, Jesse;76240
David, Kornel;1600
Doyle, Danny;76595
Wafer, Von;101144
Lockhart, Darrell;77399
Collins, Don;76418
Wingate, David;766
Carr, Austin;76348
Threatt, Sedale;9
Barnes, Marvin;76104
Herman, Bill;77006
Archibald, Robert;2425
Lichti, Todd;77387
Loscutoff, Jim;77409
Bailey, James;76085
James, Damion;202345
Gray, Aaron;201189
Morris, Markieff;202693
Wroten, Tony;203100
English, Claude;76674
Gray, Stuart;76861
Valanciunas, Jonas;202685
Reid, Don;690
Wiesenhahn, Bob;78522
Mobley, Eric;211
Pugh, Roy;77889
Williams, Jay;2398
Fizer, Marcus;2033
McWilliams, Eric;77567
Roberson, Andre;203460
Price, Ronnie;101179
Payton, Gary;56
Barr, Thomas;76113
Iavaroni, Marc;77092
Glenn, Mike;76822
Jackson, Michael;77104
Grate, Don;76854
Penigar, Desmond;2667
Ely, Melvin;2408
Jones, Bill;77180
Jordon, Phil;77210
Rogers, Marshall;78008
Antic, Pero;203544
Walton, Lloyd;78449
Norman, Ken;80
Hairston, Malik;201612
Washington, Wilson;78471
Driggers, Nate;1041
Rivers, Doc;470
Munroe, George;77665
Knowles, Rod;77293
Wallace, John;961
James, Tim;1906
Crawford, Freddie;76466
Nash, Steve;959
Kirk, Walt;77278
Whiteside, Hassan;202355
Lawson, Jason;1535
Watson, CJ;201228
Verga, Bob;78413
O'Grady, Francis;77750
Van Horn, Keith;1496
Martin, Kevin;2755
Collins, Jimmy;76419
Nickerson, Gaylon;1093
Zevenbergen, Phil;78644
Holland, Wilbur;77042
Casspi, Omri;201956
Oliver, Jimmy;1429
Garris, John;76791
Howard, Juwan;436
Kuczenski, Bruce;77318
Ray, Clifford;77917
Paine, Fred;77790
Pecherov, Oleksiy;200762
Tidrick, Howard;78341
Spriggs, Larry;78233
Nwosu, Julius;1022
Anderson, Willie;335
Knight, Brandin;2688
Bowdler, Cal;1898
Jefferies, Chris;2423
Kasid, Ed;77225
Taylor, Johnny;1511
Rosenthal, Dick;78020
Johnson, David;77139
McCray, Rodney;1622
Teague, Marquis;203104
Lear, Hal;77352
Christie, Doug;57
Paulk, Charlie;77815
Brown, John;76276
Wright, Lorenzen;953
Mack, Ollie;77432
Pope, David;77870
Ostertag, Greg;731
Cooper, Chuck;76442
Lopez, Brook;201572
Szczerbiak, Wally;1887
Sykes, Larry;1132
Polson, Ralph;77868
Stephenson, Lance;202362
Dunn, Pat;76617
Butler, Al;76319
Freeland, Joel;200777
Simmons, Connie;78153
Danilovic, Sasha;390
Scott, Byron;2
Kenville, Bill;77247
Marshall, Rawle;101185
Carter, George;76357
Speights, Marreese;201578
O'Neal, Shaquille;406
Banks, Gene;76093
Skinner, Talvin;78168
Chilcutt, Pete;432
Luisi, Jim;77422
Ratliff, Mike;77915
Halbert, Chuck;76918
Acy, Quincy;203112
Bird, Larry;1449
Dupree, Ronald;2648
Mutombo, Dikembe;87
Lavelli, Tony;77346
N'Diaye, Makhtar;1823
Stansbury, Terence;78241
Kasun, Mario;2435
Ransey, Kelvin;77911
Randolph, Shavlik;101183
Joseph, Cory;202709
Dodd, Earl;76580
Kitchen, Curtis;77280
Morrison, Mike;77649
Jackson, Stanley;77109
Thompson, Billy;1631
DeLong, Nate;76551
Coffey, Richard;76410
Bailey, Gus;76083
Roth, Scott;78022
Dawkins, Johnny;1008
Whitaker, Lucian;78506
McDaniels, Jim;77523
Dykema, Craig;76625
Washington, Jim;78466
Montross, Eric;376
Forte, Joseph;2218
Koufos, Kosta;201585
Tsioropoulos, Lou;78371
Boyce, Donnie;671
Hoiberg, Fred;697
Patterson, Patrick;202335
Parsons, Chandler;202718
Phills, Bobby;184
Thieben, Bill;78312
Schayes, Dolph;78076
Sailors, Kenny;78051
Pastushok, George A.;77807
Winters, Brian;78600
Newbern, Melvin;1116
Caffey, Jason;679
Brown, Markel;203900
Holiday, Justin;203200
Ortiz, Jose;77771
Beard, Ralph;76131
Rakocevic, Igor;2080
Wennington, Bill;82
Witts, Garry;78605
Przybilla, Joel;2038
Voskuhl, Jake;2063
McGregor, Gil;77534
McKenzie, Forrest;77542
Mason, Desmond;2046
Russell, Bill;78049
Ricketts, Dick;77955
Janotta, Howie;77122
Creighton, Jim;76468
Peterson, Morris;2050
McCants, Mel;77502
Boswell, Tom;76213
Bradley, Bill;76233
Brightman, Al;76254
Moore, Andre;77632
Glouchkov, Georgi;76824
Sampson, Ralph;78055
Smith, Kenny;181
Babbitt, Luke;202337
Carty, Jay;76363
Scott, Ray;78100
Burkman, Roger;76304
Davis, Terry;426
Harding, Reggie;76945
Wolf, Joe;341
Johnson-Odom, Darius;203130
McCarty, Walter;962
McNulty, Carl;77563
Karl, George;77223
Harlicka, Skip;76951
Sundvold, Jon;78279
Tannenbaum, Sid;78291
Ewing, Daniel;101137
Lee, Courtney;201584
Esposito, Vincenzo;76683
Tomjanovich, Rudy;78350
Rains, Ed;77904
Baumholtz, Frankie;76126
Paspalj, Zarko;1097
Wilkins, Eddielee;78534
Hamilton, Steve;76929
Fabel, Joe;76690
Knight, Negele;77286
Daniels, Mel;76502
Gaines, Sundiata;202178
Miller, Dick;77602
Rehfeldt, Don;77933
Boykoff, Harry;76224
Ingelsby, Tom;77094
Payton, Mel;77824
Cook, Bert;76434
Embry, Wayne;76668
Douby, Quincy;200763
Reaves, Joe;77923
Henderson, Gerald;76993
Lucas, Jerry;77418
Priddy, Bob;77886
Wallace, Rasheed;739
Hughes, Rick;1965
Cunningham, Dante;201967
Williamson, Corliss;722
Ferry, Bob;76712
Hahn, Bob;76914
King, Dan;77266
Holiday, Jrue;201950
Cunningham, William;1061
Jerrells, Curtis;201998
Sundov, Bruno;1743
Rinaldi, Rich;77965
Gray, Devin;1070
Johnson, John;77152
Burks, Alec;202692
Braggs, Torraye;1765
Selvy, Frank;78113
Williams, John;78554
Iuzzolino, Mike;77098
Fortson, Danny;1504
Brezec, Primoz;2056
Mikan, Larry;77591
Williams, Frank;2421
Calverley, Ernie;76335
Surhoff, Dick;78280
Wager, Clint;78427
Rea, Connie;77922
Sorenson, Dave;78220
Donaldson, James;76583
Zeller, Tyler;203092
Baum, Johnny;76125
McInnis, Jeff;976
Kenon, Larry;77246
Roberson, Rick;77973
Cummings, Terry;187
Strong, Derek;400
Kilpatrick, Carl;77258
D'Antoni, Mike;76505
Gortat, Marcin;101162
Lawrence, Ed;77348
Robinson, Bernard;2774
Ford, T.J.;2551
Johnson, Lee;77158
Rodriguez, Sergio;200771
Flynn, Jonny;201938
Zeller, Cody;203469
Henry, Xavier;202333
Taylor, Jeff;78299
Barea, Jose Juan;200826
Claver, Victor;201964
Hayes, Charles;101236
Strickland, Rod;393
Van Arsdale, Dick;78398
Hunter, Othello;201629
Blount, Corie;916
Ramsey, Cal;77906
Jackson, Phil;77106
Smith, Tony;380
Cunningham, Jared;203099
Burrough, Junior;675
Hardnett, Charlie;76946
Holcomb, Randy;2450
Walker, Chet;78435
Willis, Kevin;788
Riley, Eric;35
Boyd, Fred;76222
Martin, Brian;77469
Dumars, Joe;247
Cook, Daequan;201161
Nelson, Jameer;2749
Mack, Shelvin;202714
Turkoglu, Hedo;2045
Foster, Fred;76740
Benjamin, Corey;1736
Jasikevicius, Sarunas;101180
Thompson, Stephen;78333
Barker, Cliff;76098
Johnson, Clemon;77136
Tucker, Al;78372
Gallatin, Harry;76773
Lucas, Al;77417
Martin, Don;77473
Gervin, Derrick;76803
White, Herb;78508
Gordon, Ben;2732
Walker, Foots;78436
Fernsten, Eric;76707
Green, Taurean;201192
Vonleh, Noah;203943
Johnson, DerMarr;2035
Hurley, Roy;77086
Hibbert, Roy;201579
O'Quinn, Kyle;203124
Blackwell, James;1806
Leuer, Jon;202720
Neal, Jim;77695
Bonham, Ron;76201
Donovan, Harry;76585
Cotton, Bryce;203955
Johnson, Anthony;1533
Alexander, Courtney;2042
Davis, Monti;76520
Upshaw, Kelvin;78394
Garvin, Jim;76793
Hill, Solomon;203524
Chievous, Derrick;76387
Naber, Bob;77681
Karl, Coby;201207
Jepsen, Les;77129
Brown, Raymond;76282
McNeal, Jerel;202077
Thompson, Brooks;240
McClain, Dwayne;77509
Francis, Steve;1883
Walton, Luke;2575
Lauvergne, Joffrey;203530
McLeod, Roshown;1728
Fitzgerald, Dick;76719
Traylor, Robert;1714
Samuels, Samardo;202396
Haley, Jack;917
Wallace, Gerald;2222
Hopson, Dennis;77054
Harangody, Luke;202376
Summers, DaJuan;201969
Hillman, Darnell;77028
Jones, Damon;1800
Bennett, Mel;76151
Bucknall, Steve;76294
Higgins, Rod;77019
Moore, Johnny;77633
Sloan, Donald;202388
Salvadori, Kevin;1089
Divac, Vlade;124
Grekin, Norm;76886
Thompson, John;78328
Kelso, Ben;77240
Binion, Joe;76167
Atkins, Chucky;1088
Cofield, Fred;76411
Spector, Art;78226
Thompson, Klay;202691
Blanton, Ricky;76184
Othick, Matt;77777
Pittman, Charlie;77864
Duffy, Bob;76609
Hassell, Trenton;2239
World Peace, Metta;1897
Johnsen, Britton;2639
Moreland, Jackie;77639
Rivers, David;77970
Leaks, Emanuel;77351
Roberson, Anthony;101194
Williams, Gus;78549
Sauldsberry, Woody;78064
Bell, Troy;2559
Wilson, Ricky;78584
Evans, Brian;967
Brown, Kwame;2198
Royal, Donald;140
Baylor, Elgin;76127
Dinkins, Jackie;76575
Cassell, Sam;208
Erias, Bo;76679
Mbenga, DJ;2788
Oberto, Fabricio;101177
Coleman, Norris;76415
Terry, Chuck;78306
McLeod, Keith;2693
Wallace, Michael;78443
Mikan, George;600012
Owens, Chris;2442
Salmons, John;2422
Coleman, Ben;76412
Weatherspoon, Nick;78475
Macaluso, Mike;77428
Hedderick, Herm;76986
Tolbert, Tom;78347
Farley, Dick;76693
Hardaway, Anfernee;358
Mantis, Nick;77457
Bing, Dave;76166
Ford, Alphonso;76732
Green, Steve;76878
Rose, Jalen;147
Cable, Barney;76324
Smits, Rik;22
Murphy, Calvin;77669
Boyd, Ken;76223
Strawder, Joe;78268
Carlisle, Geno;2367
Cunningham, Billy;76487
Bates, Billyray;76121
Elston, Darrell;76667
May, Scott;77490
Kirilenko, Andrei;1905
Scholz, Dave;78088
Stauskas, Nik;203917
Green, Johnny;76867
Mangiapane, Frank;77453
Bledsoe, Eric;202339
Southerland, James;203480
Silas, Xavier;202918
Alston, Derrick;308
Zeller, Dave;78640
Butch, Brian;202221
Singletary, Sean;201606
Rader, Howie;77895
Vander Velden, Log;78403
Roe, Lou;691
Parr, Jack;77802
Carter, Reggie;76360
Sprewell, Latrell;84
Vroman, Jackson;2761
Sanders, Mike;78059
Kinsey, Tarence;200814
Thompson, LaSalle;78
White, Jahidi;1751
Hickey, Matthew;77016
McCann, Bob;737
Davies, Brandon;203561
Gayda, Ed;76797
Dawkins, Darryl;76539
McGuire, Dominic;201187
Able, Forest;76006
Howard, Otis;77069
Benson, Keith;202728
Jackson, Myron;77105
Vesely, Jan;202686
Wilkens, Lenny;78530
Branch, Adrian;76237
Sutton, Greg;357
Bennett, Anthony;203461
Graham, Greg;37
Caldwell-Pope, Kentavious;203484
Stolkey, Art;78266
Jackson, Bobby;1517
Jones, Johnny;77187
Johnson, Lynbert;77159
Sims, Scott;78161
Wanzer, Bobby;78453
Pilch, John;77859
Terry, Claude;78308
Worthen, Sam;78618
Amaya, Ashraf;732
Budko, Walter;76298
Durrett, Ken;76622
Allen, Ray;951
Foyle, Adonal;1502
Lacey, Sam;77326
Allen, Jerome;706
Webb, Spud;892
Free, World;76753
Walsh, Jim;78446
Robinson, Wayne;77996
Kutluay, Ibrahim;2825
Jeter, Pooh;200817
High, Johnny;77022
Hogsett, Bob;77037
Braun, Carl;76243
Stack, Ryan;1756
Carter, Jake;76359
Lewis, Reggie;77384
Garcia, Francisco;101128
Williams, Walt;1005
Andersen, David;2431
Johnson, Carldell;201291
Johnson, Mickey;77168
Crosby, Terry;76475
Murray, Tracy;145
Cooper, Duane;1030
Batiste, Mike;2471
Ratkovicz, George;77913
McDaniel, Clint;723
Butler, Caron;2406
Karasev, Sergey;203508
Carl, Howie;76340
Robinson, Chris;997
Sims, Alvin;1591
Mahnken, John;77443
Sharpe, Walter;201594
Majerle, Dan;105
Hill, Jordan;201941
Bozeman, Cedric;200841
Patterson, Tommy;77813
Vianna, Joao;78416
Carr, Chris;713
Owens, James;77783
Nolen, Paul;77725
Cunningham, Dick;76485
Rudd, John;78036
James, Gene;77116
Yates, Wayne;78630
White, Rory;78512
Warren, TJ;203933
Fuetsch, Herm;76763
Ingles, Joe;204060
Suiter, Gary;78277
Dunn, T.R.;76618
Ayres, Jeff;201965
Gambee, Dave;76774
Warbington, Perry;78454
Ray, Don;77918
Thomas, Malcolm;202952
Daniels, Lloyd;1380
Vaughn, Virgil;78411
Rogers, Carlos;435
Dreiling, Greg;1068
Ritter, Goebel;77968
Walker, Darrell;78437
Guyton, A.J.;2062
Zeno, Tony;78643
Baskerville, Jerry;76119
Thomas, Tim;1501
Norlander, Johnny;77728
Heinsohn, Tom;76988
Brunson, Rick;1594
Mensah-Bonsu, Pops;200822
Long, John;1381
Gibson, Mike;76810
Hopkins, Bob;77052
Paxson, Jim;77818
Hertzberg, Sidney;77011
Graves, Butch;76855
Harkness, Jerry;76950
Allison, Odis;76029
Greer, Lynn;2696
Henderson, Cedric;1538
Fillmore, Greg;76715
Glover, Clarence;76825
Ruffin, Trevor;460
Armstrong, Darrell;353
Blume, Ray;76189
Bell, Charlie;2294
Johnson, Ollie;77162
White, Hubie;78509
Mayfield, Ken;77494
Osborne, Chuck;77772
Riley, Pat;77962
Lamb, Doron;203117
McKinney, Horace;77546
Rhodes, Rodrick;1518
Herren, Chris;1914
Rank, Wally;77910
Porter, Kevin;77876
Bornheimer, Jake;76207
Millsap, Paul;200794
Garnett, Kevin;708
Johnson, Marques;77160
Robertson, Alvin;926
Kempton, Tim;1118
Silas, Paul;78151
Dunleavy, Mike;76616
Davis, Double D;76521
Medvedenko, Slava;2098
Arceneaux, Stacey;76053
Bogans, Keith;2586
Bradley, Dudley;76231
Butler, Mitchell;348
Watson, Jamie;320
Thomas, Kenny;1903
Walker, Andy;78433
McNabb, Chet;77557
Davis, Walter;1453
Meriweather, Joe;77582
Hamilton, Dale;76925
King, Frankie;701
Carter-Williams, Michael;203487
Najera, Eduardo;2059
Ellis, Joe;76661
Turner, Elston;78378
Anderson, Ryan;201583
Gibson, Mel;76809
Barnes, Jim;76105
Noah, Joakim;201149
Shaffer, Lee;78121
Duerod, Terry;76608
Blair, DeJuan;201971
Woodson, Mike;78614
Hetzel, Fred;77012
Feick, Jamie;994
Griffin, Eddie;2204
Conlin, Ed;76429
Reynolds, Jerry;77946
Kramer, Arvid;77306
Tatum, Earl;78294
Brewer, Jamison;2249
Barnhorst, Leo;76110
Mirotic, Nikola;202703
Wolters, Nate;203489
Diogu, Ike;101113
Jones, Charles;279
Stivrins, Alex;78261
Berry, Ricky;76157
Doleac, Michael;1720
Shaback, Nick;78118
Catchings, Harvey;76365
Iguodala, Andre;2738
Nesterovic, Rasho;1725
Reid, Billy;77937
Humphries, Jay;77081
Charles, Ken;76383
Ogg, Alan;1628
Adams, Hassan;200801
Brooks, Michael;76266
Williams, Jawad;101214
Smith, Derek;78183
Britton, David;76261
Curran, Fran;76492
Robinson, Thomas;203080
Graham, Mal;76843
Bridgeman, Junior;76252
Reddout, Frank;77925
Johnson, Frank;77146
Dawson, Tony;76542
Chalmers, Lionel;2763
Siegfried, Larry;78147
Padgett, Scott;1909
O'Donnell, Andy;77746
Groza, Alex;76897
Hayes, Steve;76980
Sobers, Ricky;78215
Prince, Tayshaun;2419
Wesley, Walt;78495
Hermsen, Clarence;77007
Bracey, Steve;76226
Baltimore, Herschel;76092
Bradley, Joe;76232
Newbill, Ivano;1096
Stepania, Vladimir;1735
Simmons, Bobby;2250
O'Neill, Mike;77767
Allen, Malik;2124
Hopson, Scotty;203816
Jacobson, Sam;1734
Shue, Gene;78142
Stewart, Norm;78256
Driscoll, Terry;76603
Rhodes, Gene;77947
Hutchins, Mel;77089
Melchionni, Bill;77576
Shirley, Paul;2321
Blount, Mark;1548
Swanson, Norm;78284
Garner, Chris;1612
Barnhill, Norton;76109
Lewis, Quincy;1900
Jackson, Cedric;202132
Thornton, Al;201154
Young, Nick;201156
Kunnert, Kevin;77323
Stiemsma, Greg;201880
Drew, Larry;203580
Jackson, Mark;349
Radford, Wayne;77897
Young, James;203923
McKey, Derrick;365
Boney, Dexter;1121
Outlaw, Bo;448
Parish, Robert;305
Muresan, Gheorghe;49
Ariza, Trevor;2772
King, Jimmy;728
Smith, Bobby;78203
Holton, Michael;77047
Johnson, Eric;77145
Duffy, Bob;76610
Farbman, Phil;76692
Van Breda Kolff, Jan;78400
Cook, Brian;2567
Warrick, Bryan;78462
Fitzgerald, Bob;76720
Fryer, Bernie;76761
Jackson, Greg;77101
Long, Paul;77406
Dembo, Fennis;76552
Exum, Dante;203957
McConnell, Paul;77514
Uzoh, Ben;202386
Moore, E'Twaun;202734
Earle, Ed;76630
Collins, Sherron;202395
Blanks, Lance;76183
Duncan, Tim;1495
Molinas, Jack;77624
McIlvaine, Jim;29
Rule, Bob;78042
Allen, Randy;76025
Tinsley, Jamaal;2224
Hagan, Glenn;76913
Manning, Richard;316
Edwards, Kevin;236
Mozgov, Timofey;202389
Christian, Bob;76395
Behnke, Elmer;76141
Robey, Rick;77984
DiGregorio, Ernie;76568
Grace, Ricky;76839
Fish, Matt;900
Kennedy, Eugene;77243
Brown, Stan;76285
Trapp, George;78366
Hollins, Ryan;200797
Patterson, Andrae;1754
Green, Erick;203475
Dierking, Connie;76566
Marshall, Donny;681
Nance, Larry;77685
Stump, Gene;78275
Calderon, Jose;101181
Korver, Kyle;2594
Wright, Larry;78623
Smith, Willie;78208
Wilburn, Ken;78524
Brown, Darrell;76270
Turpin, Mel;78386
Macijauskas, Arvydas;101178
Jones, Jimmy;77186
Havlicek, John;76970
Green, A.C.;920
Anderson, Nick;98
Murphy, John;77671
Calabrese, Gerry;76326
Komives, Howard;77297
Winters, Voise;78601
Hill, Cleo;77025
Douglas, Toney;201962
Walker, Wally;78442
Wiggins, Andrew;203952
Ennis, Tyler;203898
Woods, Qyntel;2417
Howell, Bailey;77070
Posey, James;1899
Hunter, Chris;201805
Eackles, Ledell;289
Freeman, Donnie;76754
Warren, Johnny;78461
Corbin, Tyrone;895
Garnett, Marlon;1831
Jones, Dahntay;2563
Datome, Gigi;203540
Muhammad, Shabazz;203498
Stovall, Paul;78267
Weber, Forest;78479
Furlow, Terry;76767
Garrett, Diante;203197
Vanos, Nick;78407
Hawkins, Michael;1138
Gordon, Eric;201569
Elie, Mario;53
Williams, Reggie;199
Grunfeld, Ernie;76899
Berry, Walter;76158
Bytzura, Mike;76323
Mundt, Todd;942
Murray, Ken;77675
Lewis, Fred;77379
Anderson, Alan;101187
Russell, Bryon;935
Campbell, Elden;922
Fotsis, Antonis;2238
Byars, Derrick;201182
Davis, Mark;76528
Hankins, Cecil;76935
McGill, Bill;77531
Henderson, Tom;76996
Hardy, Alan;76947
Pargo, Jeremy;202951
Krstic, Nenad;2420
Thomas, Billy;2873
Hurley, Bobby;310
Conley, Mike;201144
Green, Devin;101209
Butler, Jimmy;202710
Bryant, Emmette;76289
Henry, Conner;77002
Tisdale, Wayman;47
Davis, Glen;201175
Benson, Kent;76154
Brown, Dee;200793
Martin, Mo;77476
Bradtke, Mark;1361
Imhoff, Darrall;77093
Lynch, George;248
McIntosh, Kenny;77540
Hodge, Julius;101125
Frink, Pat;76759
Rocker, Jack;78002
Lee, George;77359
Mazza, Matt;77497
Fitch, Gerald;2809
Pinone, John;77861
Kubiak, Leo;77317
Nealy, Ed;77697
Naulls, Willie;77693
Harper, Ron;166
Lynch, Kevin;77426
Ferguson, Desmond;2724
Singleton, Chris;202698
Respert, Shawn;704
Bynum, Will;101198
Nachbar, Bostjan;2411
Smiley, Jack;78177
Sy, Pape;202377
Peterson, Mel;77842
Benbow, Leon;76146
Mbah a Moute, Luc;201601
Epps, Ray;76678
Temple, Garrett;202066
Johnson, Chris;202419
Gallagher, Chad;76772
Elmore, Len;600010
Cox, Johnny;76464
Buckhalter, Joe;76293
Schellhase, Dave;78081
Batton, Dave;76124
Jones, DeQuan;203199
Gray, Evric;1026
O'Keefe, Dick;77752
Grant, Paul;1514
Silliman, Mike;78152
Jackson, Al;77099
Schulz, Dick;78092
Thomas, Etan;2041
Zopf, Bill;78648
Vucevic, Nikola;202696
Jackson, Luke;2739
Nesby, Tyrone;1838
Carter, Ron;76361
McDonald, Ben;77524
Lavoy, Bob;77347
Cabarkapa, Zarko;2560
Knostman, Dick;77292
Kropp, Tom;77314
Dolhon, Joe;76581
Boykins, Earl;1863
Barry, Jon;468
Smith, Garfield;78189
Gobert, Rudy;203497
Robinson, Eddie;1944
Spencer, Felton;280
Mobley, Cuttino;1749
Minniefield, Dirk;77609
Smith, Ed;78187
Budd, Dave;76297
Ratleff, Ed;77914
McGrady, Tracy;1503
Robinson, Nate;101126
Groat, Dick;76894
Bigelow, Bob;76165
Turner, Henry;78379
Shrider, Dick;78141
Williams, Herb;1006
Leonard, Gary;77370
Werdann, Robert;438
Burden, Luther;76303
Taylor, Fred;78298
Rosenstein, Hank;78019
Carlson, Al;76343
Kite, Greg;1123
Brown, Fred;76272
King, Bernard;77264
Clarkson, Jordan;203903
Beshore, Del;76159
Robertson, Tony;77983
Lloyd, Lewis;77395
Stallworth, Isaac;78239
Ballard, Greg;76091
Stephens, Joe;1086
Mason, Anthony;193
Miller, Quincy;203113
Johnson, Armon;202356
Smith, Larry;78195
Barrett, Andre;2857
Kennedy, Joe;77244
Tabuse, Yuta;2657
Sikma, Jack;78149
Garrity, Pat;1727
McMahon, Jack;77551
Bogdanovic, Bojan;202711
Williams, Scott;281
Thomas, Adonis;203519
Guerin, Richie;76902
Evans, Bob;76687
Riker, Tom;77960
Mikan, Ed;77590
Gaines, Corey;76770
Beck, Ernie;76136
Jones, Willie;77202
Cleaves, Mateen;2043
Barton, Will;203115
Smith, Michael;78197
Bateer, Mengke;2370
Johnson, Chris;203187
Hans, Rollen;76939
Howard, Stephen;1128
Wiggins, Mitchell;78523
Patterson, George;77811
Brown, Lewis;76279
Sheppard, Steve;78135
Bender, Jonathan;1886
Clemens, John;76403
Glyniadakis, Andreas;2601
Militzok, Nat;77598
Johnson, Harold;77151
Mencel, Chuck;77579
Turner, Jeff;78381
Hughes, Kim;77078
Wilson, Mike;78581
Brown, Kedrick;2208
Manakas, Ted;77451
Smith, Reggie;78201
Phelps, Derrick;74
Daugherty, Brad;921
Nocioni, Andres;2804
O'Boyle, John;77742
Johnson, Rich;77164
Warlick, Bob;78459
Sesay, Ansu;1738
Williams, Ray;78571
Reeves, Khalid;234
Gregory, Claude;76884
Bass, Brandon;101138
Carney, Rodney;200760
Green, Danny;201980
Goudelock, Andrew;202726
Greacen, Bob;76865
Vaughn, Jacque;1521
Stoudamire, Salim;101136
Monroe, Greg;202328
Rodgers, Guy;78003
Koper, Bud;77299
Guarilia, Gene;76900
Stith, Bryant;179
Smith, Doug;475
Becker, Moe;76137
Zeller, Hank;78642
Felix, Ray;76704
Gasol, Marc;201188
Townsend, Raymond;78365
Macauley, Ed;77429
Brown, Chucky;359
Miller, Anthony;292
Tskitishvili, Nikoloz;2401
Simpkins, Dickey;54
Ndiaye, Hamady;202380
Dowdell, Zabian;202220
Darrow, Jimmy;76511
Bockhorn, Arlen;76191
Roche, John;78000
Mihm, Chris;2036
Smart, Keith;78175
Jones, Caldwell;77175
Plumlee, Miles;203101
Nordmann, Robert;77727
Orton, Daniel;202350
Ferrin, Arnie;76711
Cox, John;76463
Ogden, Ralph;77748
Gardner, Thomas;201242
Crawford, Joe;201621
Meely, Cliff;77570
Harris, Lucious;446
Cook, Jeff;76436
Williams, Jason;1715
Rice, Glen;779
Kosmalski, Len;77302
Tschogl, John;78370
Welp, Chris;1846
Tolliver, Anthony;201229
Scott, Shawnelle;1035
Freeman, Rod;76756
Jaric, Marko;2060
Bach, Johnny;76080
Lee, Keith;77361
Murdock, Eric;785
Crompton, Jeffrey;76474
Brown, Mike;1479
Ajinca, Alexis;201582
Jones, Perry;203103
Mikkelsen, Vern;77593
Blatche, Andray;101154
Gatling, Chris;423
Satterfield, Kenny;2261
Workman, Tom;78617
Coles, Bimbo;902
Corchiani, Chris;76450
Finkel, Hank;76716
Hubbard, Phil;77071
Petruska, Richard;77846
Dischinger, Terry;76577
Askew, Vincent;355
Morrow, Anthony;201627
Brasco, Jim;76241
Pietkiewicz, Stan;77858
Payne, Tom;77823
Wright, Sharone;412
Kanter, Enes;202683
Jordan, Michael;893
Brogan, Jim;76262
Windis, Tony;78590
Haskin, Scott;321
Barr, Mike;76112
Engler, Chris;76670
Andriuskevicius, Martynas;101149
Sloan, Jerry;78173
Ellefson, Ray;76655
Walker, Antoine;952
Molis, Wayne;77625
Price, Mark;899
Chapman, Rex;364
Collins, Doug;76421
Robinson, Glenn;299
Hamilton, Justin;203120
Hudson, Troy;1607
Wagner, Dajuan;2402
Brindley, Audley;76255
Blaylock, Mookie;302
Livingston, Randy;988
Johnson, Kannard;77153
Murrey, Dorie;77676
Biedenbach, Ed;76163
Peeler, Anthony;324
Haddadi, Hamed;201632
Randall, Mark;1821
Rullo, Jerry;78043
Demps, Dell;725
Weems, Sonny;201603
McCullough, John;77520
Peck, Wiley;77827
Tripucka, Kelly;78369
Newlin, Mike;77710
Winchester, Kennard;78589
Shavlik, Ron;78128
Wesley, David;133
Triptow, Dick;78368
Johnson, Wesley;202325
Davis, Harry;76523
Piatkowski, Eric;15
Maxwell, Cedric;77487
Olive, John;77760
Green, Mike;76873
Henson, John;203089
Savovic, Predrag;2453
Wright, Chris;202874
Sharman, Bill;78126
Lucas, Maurice;77420
Catlett, Sid;76367
Kennedy, William;77245
Zawoluk, Robert;78639
Favors, Derrick;202324
Scales, Alex;2637
Chandler, Wilson;201163
Barnett, Dick;76107
Toney, Sedric;78352
Vandeweghe, Ernie;78405
Duhon, Chris;2768
Strawberry, DJ;201199
McCray, Chris;200840
Ellis, Monta;101145
Tresvant, John;78651
Wilks, Mike;2366
Fields, Landry;202361
Faverani, Vitor;203543
Koncak, Jon;402
Kreklow, Wayne;77312
Williams, Micheal;52
Ramsey, Ray;77908
Fleming, Ed;76723
Bremer, J.R.;2452
Heaney, Brian;76984
Ansley, Michael;76050
Stone, Julyan;202933
Belinelli, Marco;201158
Patrick, Stan;77809
Johnson, Joe;2207
Langdon, Trajan;1892
Cooke, Joe;76440
Walsh, Matt;101190
Ford, Sherell;726
Steele, Larry;78245
Harper, Justin;202712
Nimphius, Kurt;77719
Vrankovic, Stojko;1037
Aldemir, Furkan;203128
Walthour, Rabbit;78448
Moore, Mikki;1630
Stricker, Bill;78269
Landsberger, Mark;77334
Carruth, Jimmy;1131
Caldwell, Joe;76329
Downey, Bill;76593
Haston, Kirk;2213
Ewing, Patrick;121
Russell, Cazzie;78045
Hill, Gary;77026
Smith, Charles;1520
Corzine, Dave;76453
Odom, Lamar;1885
Jackson, Jermaine;1983
Daniels, Troy;203584
Mills, Terry;371
Plummer, Gary;77865
Hughes, Larry;1716
Carter, Anthony;1853
Brockman, Jon;201972
Simmons, Cedric;200759
Tolson, Dean;78349
Whitney, Chris;43
Hawes, Steve;76971
Gordon, Paul;76835
Lynn, Mike;77427
McGlocklin, Jon;77533
Roberts, Lawrence;101160
Williams, Milt;78560
Eyenga, Christian;201963
Drollinger, Ralph;76604
Anderson, Greg;246
Ferreira, Rolando;76709
Smith, Otis;78198
Ligon, Bill;77388
Bloom, Mike;76188
Stuckey, Rodney;201155
Varnado, Jarvis;202363
Johnson, James;201949
Boston, Lawrence;76212
Barkley, Erick;2057
McDonald, Michael;1075
Collins, Jason;2215
Copeland, Hollis;76447
Ray, Jamesearl;77920
Wright, Joby;78622
Marshall, Kendall;203088
Taylor, Maurice;1508
Horton, Ed;77060
Crocker, Dillard;76473
Rollins, Phil;78013
Cook, Norm;76437
Thurston, Mel;78340
Hardaway, Tim;896
Del Negro, Vinny;219
Cook, Omar;2241
Goldfaden, Ben;76829
Lucas, John;77419
Maravich, Pete;77459
Lin, Jeremy;202391
Dempsey, George;76555
Bratz, Mike;76242
Greenspan, Jerry;76880
Battier, Shane;2203
Liberty, Marcus;77386
Hayes, Elvin;76979
Clark, Keon;1721
Johnson, Kevin;134
Holcomb, Doug;77039
Martin, Larue;77475
Austin, Ken;76074
Watts, Ron;78474
Johnson, Vinnie;77167
Short, Gene;78138
Lever, Lafayette;77376
Jones, Shelton;2652
Hackett, Rudy;76910
Jenkins, Horace;2798
Rambis, Kurt;77905
Lanier, Bob;600005
Riffey, Jim;77959
McConathy, John;77513
Kojis, Don;77295
Montgomery, Howie;77630
Goldwire, Anthony;924
Workman, Haywoode;906
Morgan, Guy;77640
Lowry, Kyle;200768
Menke, Ken;77581
Patterson, Worthy;77814
Egan, Johnny;76647
Hill, Armond;77024
Calip, Demetrius;76332
Zhi-zhi, Wang;1917
Patrick, Myles;77808
Lang, James;2591
Grevey, Kevin;76887
Magley, Dave;77442
Kaplowitz, Ralph;77221
Thompkins, Trey;202717
Whaley, Robert;101156
Englund, Gene;76677
Stokes, Jarnell;203950
Robinson, Clifford;361
Fogle, Larry;76728
Maynor, Eric;201953
Mager, Norm;77441
Penberthy, Mike;2130
Calvin, Mack;76336
Jones, Popeye;461
Edelin, Kent;76637
Sojourner, Mike;78217
Armstrong, Brandon;2220
Curry, Stephen;201939
Hawkins, Robert;76975
Williams, Corey;101258
Eddie, Patrick;76635
Sanders, Jeff;1874
Henry, Bill;77004
Jones, Nick;77195
Lopez, Raul;2221
Perovic, Kosta;200785
Grigsby, Chuck;76891
Robinson, Larry;1683
Williams, Jerome;966
Fontaine, Levi;76731
Davis, Josh;2668
Palmer, Jim;77792
Birdsong, Otis;76170
Graham, Joey;101121
Neal, Lloyd;77696
Barr, John;76111
Sovran, Gino;78221
Carter, Fred;76356
Richter, John;77954
Green, Ken;76868
McGee, Mike;77530
Knight, Travis;969
Weiss, Bob;78485
Kemp, Shawn;431
Gibson, Taj;201959
Smrek, Mike;1091
Jones, Ozell;77191
Borrell, Lazaro;1953
Hummel, Robbie;203133
Murry, Toure;203315
Martin, Cartier;201858
Sellers, Phil;78111
Paddio, Gerald;77789
Mitchell, Sam;417
Dickey, Dick;76565
Bennett, Winston;76152
Diaw, Boris;2564
Layton, Dennis;77350
Smith, Steven;200848
Edwards, Corsley;2451
Peterson, Ed;77841
Voce, Gary;78419
Santiago, Daniel;2091
Ware, Jim;78457
Moss, Perry;77654
Newble, Ira;1956
Johnson, Linton;2669
White, Terrico;202358
Mee, Darnell;1577
Griffin, Greg;76888
Morton, Dwayne;132
Hassett, Billy;76967
Spicer, Lou;78230
Ellis, LeRon;1034
Mokeski, Paul;77623
Johnson, Larry;77156
Grant, Brian;258
Alford, Steve;76024
Drummond, Andre;203083
Woods, Loren;2254
Elliott, Bob;76656
Miller, Andre;1889
Grote, Jerry;76896
Green, Luther;76872
Shackleford, Charles;1593
Madkins, Gerald;1666
Armstrong, B.J.;769
Rackley, Luke;77894
Jones, Jake;77185
Russell, Frank;78046
Smith, Theron;2604
Greig, John;76885
Pierce, Paul;1718
Napier, Shabazz;203894
Wiley, Michael;78527
Lee, David;101135
Hamilton, Tang;2347
Deng, Luol;2736
Davis, Emanual;1023
Green, JaMychal;203254
Korolev, Yaroslav;101117
Brokaw, Gary;76263
Noel, Nerlens;203457
Coughran, John;76457
Lauderdale, Priest;968
Sewell, Tom;78116
Sow, Pape;2776
King, Maury;77272
Bowen, Ryan;1763
Stroeder, John;78271
Cooper, Joe;76443
Browne, Jim;76287
Spitzer, Craig;78231
Mekel, Gal;203539
Hummer, John;77080
Demic, Larry;76553
Hamilton, Zendon;1985
Yates, Barry;78629
George, Jack;76800
LaVine, Zach;203897
Johnson, Amir;101161
Mayberry, Lee;195
Fox, Rick;296
Baynes, Aron;203382
West, Jerry;78497
Allred, Lance;200984
Ware, Casper;203810
Henderson, Alan;673
Clark, Earl;201947
Foster, Greg;323
Conner, Lester;76431
Tarpley, Roy;78293
Sanders, Melvin;2684
Gondrezick, Grant;76831
Dixon, Juan;2413
Simmons, Lionel;1489
Burke, Pat;2469
Robertson, Ryan;1926
Zoet, Jim;78647
Anderson, Shandon;1000
Robinson, Cliff T.;77986
Davis, Brian;76517
Hancock, Darrin;241
Honeycutt, Tyler;202715
Dickau, Dan;2424
Williams, Aaron;1425
Lott, Plummer;77410
Meriwether, Porter;77583
Podkolzin, Pavel;2750
Honeycutt, Jerald;1532
Frey, Frido;76757
Hankinson, Phil;76936
McGary, Mitch;203956
Ilyasova, Ersan;101141
Marble, Roy;77460
Lewis, Bobby;77385
Stokes, Maurice;600016
Jones, Terrence;203093
Moiso, Jerome;2040
LaFrentz, Raef;1711
Legler, Tim;100
Lewis, Rashard;1740
Christ, Fred;76393
West, Doug;28
Orr, Louis;77770
Putman, Don;77891
Schlueter, Dale;78084
Eddie, Jarell;204067
Boone, Josh;200767
Nembhard, Ruben;1129
Sims, Bob;78160
Ogden, Carlos;77747
Smith, Adrian;78178
Nowitzki, Dirk;1717
Sims, Doug;78159
Blackman, Rolando;76176
Taylor, Leonard;78301
Nelson, DeMarcus;201634
Taylor, Mike;201446
O'Koren, Mike;77754
Sims, Courtney;201235
Harvey, Antonio;176
Jones, Wali;77198
Wicks, Sidney;78520
McNamara, Mark;77558
Marbury, Stephon;950
Crowder, Jae;203109
Allums, Darrell;76030
Milicic, Darko;2545
Blackwell, Alex;76180
Polynice, Olden;178
Henry, Al;77000
Bantom, Mike;76095
Pugh, Les;77888
O'Connell, Dermie;77745
Harris, Bob;76959
Sawyer, Alan;78067
Nagel, Jerry;77683
George, Paul;202331
Profit, Laron;1919
Kostecka, Andy;77303
George, Devean;1904
Malamed, Lionel;77447
Fleming, Al;76722
Goodrich, Steve;1864
Mrazovich, Chuck;77657
Knight, Billy;77290
King, Stacey;351
Alarie, Mark;76019
Bogut, Andrew;101106
Hanzlik, Bill;76944
Hamilton, Ralph;76927
Laskowski, John;77341
Crite, Winston;76472
Mayes, Tharon;77493
Jackson, Marc;1531
Weatherspoon, Clar.;221
Breaux, Tim;160
Quick, Bob;77892
Lucas III, John;101249
Chappell, Len;76382
Zimmerman, Derrick;2583
Scott, Mike;203118
Bogues, Muggsy;177
Turner, John;1819
Wolkowyski, Ruben;2106
Barksdale, Don;76102
Gianelli, John;76806
Erden, Semih;201623
Udrih, Beno;2757
Grandholm, Jim;76844
Johnson, Eddie;698
White, Jojo;78510
Seung-Jin, Ha;2775
McMullan, Mal;77556
Natt, Kenny;77692
Fazekas, Nick;201174
De Colo, Nando;201986
Smith, J.R.;2747
Lewis, Cedric;736
Sobek, George;78214
Orms, Barry;77768
Lopez, Felipe;1732
Minor, Mark;77612
Williams, Buck;433
Mearns, George;77568
Boyd, Dennis;76221
Garfinkel, Jack;76780
Johnson, Charlie;77133
Irvin, Byron;77096
Averitt, William;76076
McReynolds, Thales;77566
Henry, Carl;77001
Johnson, Andy;77131
Hunter, Steven;2212
Wise, Willie;78602
Johnson, DeMarco;1746
Bibby, Mike;1710
Williams, Hot Rod;73
Thurmond, Nate;600001
Ainge, Danny;76017
Cooper, Michael;76444
Reiner, Jared;2876
Smith, Donald;78185
Arthurs, John;76065
Abdul-Aziz, Zaid;76002
Jefferson, Dontell;200971
McCarron, Mike;77503
Morton, Richard;77652
Abdul-Rauf, Mahmoud;51
Hughes, Eddie;77077
Peterson, Bob;77843
Jackson, Tony;77100
Graham, Orlando;76841
Smith, Mike;2065
McGuire, Al;77536
Douglas-Roberts, Chris;201604
Dorsey, Joey;201595
Bradley, Charles;76230
Prigioni, Pablo;203143
Meents, Scott;77571
Miller, Walt;77604
Burke, Trey;203504
Donovan, Billy;76586
Stipanovich, Steve;78257
Ceballos, Cedric;76
Taylor, Roland;78302
Palmer, John;77793
Searcy, Ed;78105
Hill, Grant;255
Hinson, Roy;77030
Gordon, Lancaster;76834
Love, Kevin;201567
Oleynick, Frank;77759
Silas, James;78150
Vujacic, Sasha;2756
Davis, Ben;989
Ellis, Bo;76664
Fendley, Jake;76705
Abdul-Wahad, Tariq;1505
Douglas, Bruce;76588
Martin, Donald;77471
Grimm, Derek;1575
Sichting, Jerry;78146
Childress, Randolph;719
Adams, Don;76012
Roberts, Fred;122
Buford, Rodney;1934
Reed, Justin;2770
Denning, Blaine;76557
Cook, Bobby;76438
Jefferson, Cory;203928
Feher, Butch;76699
Khryapa, Viktor;2751
Daye, Austin;201948
Hairston, Lindsay;76917
Seals, Bruce;78103
Burris, Art;76311
Bowie, Sam;76217
Slaughter, Jim;78171
Johnson, Gus;77150
Glover, Dion;1901
Richard, Chris;201181
Schectman, Ossie;78078
Harris, Bernie;76957
Hawkins, Tom;76977
Wilkins, Gerald;786
Dickey, Derrek;76564
Thompson, Hollis;203138
Nowell, Mel;77737
O'Brien, Buckshot;77743
Akognon, Josh;203006
Smith, Leon;1910
Hudson, Lou;77074
Chenier, Phil;76386
Chambers, Tom;1472
Thorpe, Otis;901
Asmonga, Don;76068
Harper, Mike;76954
Wohl, Dave;78606
Brown, Tierre;2357
Adrien, Jeff;202399
McFarlin, Ivan;200829
Reed, Willie;203186
Nash, Charles;77687
Hansen, Glenn;76940
Vincent, Sam;78417
Hanrahan, Don;76938
Massenburg, Tony;763
Tosheff, Bill;78359
King, Jim;77270
Hamer, Steve;984
Workman, Mark;78616
Money, Eric;77627
Ayon, Gustavo;202970
Murphy, Allen;77668
Brown, Bobby;201628
Withey, Jeff;203481
Young, Thaddeus;201152
Garrett, Eldo;76788
Marsh, Jim;77466
Yonakor, Rich;78632
Henson, Steve;1667
Torgoff, Irv;78357
McKie, Aaron;243
Anderson, Eric;944
Davis, Edward;76522
Lett, Clifford;77374
Sitton, Charlie;78164
Steigenga, Matt;1099
Lee, Greg;77360
Fowler, Jerry;76745
Crabbe, Allen;203459
Lewis, Ralph;77383
Early, Cleanthony;203921
Baker, Mark;1858
Rock, Gene;78001
Black, Charlie;76173
Bol, Manute;76195
Mogus, Leo;77622
Harris, Steve;76960
Love, Stan;77413
Breuer, Randy;76247
Hill, Steven;201631
Hollis, Essie;77044
Jackson, Randell;1872
Pekovic, Nikola;201593
Lampe, Maciej;2573
Wakefield, Andre;78431
Tabak, Zan;440
Kidd, Warren;77254
Holup, Joe;77049
Parker, Anthony;1515
Greer, Hal;76882
Skinner, Brian;1730
Bynum, Andrew;101115
Smith, Jabari;2074
Van Lier, Norm;78406
Rudd, Delaney;78035
Ezeli, Festus;203105
Brooks, Kevin;76265
Kuester, John;77320
Share, Charlie;78125
Williams, Ron;78567
Kellogg, Clark;77236
Darden, Jimmy;76507
Sheffield, Fred;78131
Hightower, Wayne;77023
Wilson, Trevor;1027
Stewart, Dennis;78253
Brackins, Craig;202342
Clark, Carlos;76398
McClain, Ted, Hound Dog;77510
Davis, Ricky;1729
Wright, Antoine;101120
Gross, Bob;76895
Felix, Carrick;203467
Redick, JJ;200755
Thacker, Tom;78309
DeZonie, Hank;76562
Suttle, Dane;78281
Black, Norman;76174
Funderburke, Lawrence;1444
Kelly, Ryan;203527
Gill, Kendall;383
Wilson, Thomas;78587
Fernandez, Rudy;201164
Langford, Keith;101247
Newman, Johnny;271
Paul, Chris;101108
Scott, Alvin;78095
Hicks, Phil;77017
Rudez, Damjan;204014
Johnson, Neil;77161
Short, Purvis;78139
Comegys, Dallas;76426
Bell, Dennis;76142
Olynyk, Kelly;203482
Winkler, Marv;78597
Scott, Charlie;78097
Ketner, Lari;1930
Petersen, Loy;77840
Vaughn, Charles;78409
Hoppen, Dave;77053
Drobnjak, Predrag;1542
Stephens, DJ;203474
Brown, Ernest;2081
Ridnour, Luke;2557
See, Wayne;78107
Hamilton, Roylee;76928
Hayward, Lazar;202351
Hale, Bruce;76920
Toney, Andrew;78351
Salley, John;927
Jawai, Nathan;201605
Scheffler, Steve;88
Smith, Sammy;78205
Matthews, Wes;77484
Maxwell, Vernon;137
Kautz, Wilbert;77228
Wynder, A.J.;78627
Williams, Sam;78568
Morris, Darius;202721
Goodwin, Archie;203462
Dele, Bison;183
Martin, Bob;77478
Johnson, Steffond;77166
Mix, Steve;77618
Barber, John;76096
Mercer, Ron;1500
Carter, Vince;1713
Whittington, Shayne;203963
Arnette, Jay;76063
Green, Tommy;76879
Harkless, Maurice;203090
Grant, Jerami;203924
Rosenbluth, Lennie;78018
Wetzel, John;78501
Rosenberg, Alexander;78017
Armstrong, Hilton;200756
Nessley, Martin;77704
Scheffler, Tom;78080
Leckner, Eric;287
Cowens, Dave;76462
Butler, Jackie;2866
Marshall, Tom;77467
Lamar, Bo;77330
Robinson, Jackie;77989
Schroder, Dennis;203471
Green, Sean;76875
James, Mike;2229
Dees, Archie;76546
Reid, Ryan;202385
Kelser, Greg;77239
Dwan, Jack;76624
Muursepp, Martin;982
Ellis, LaPhonso;111
Patterson, Ruben;1739
Washington, Dwayne;78465
Lawson, Ty;201951
Person, Chuck;456
Norwood, Willie;77733
McDyess, Antonio;686
Gladness, Mickell;202148
Carlisle, Chet;76341
Turner, Andre;78377
Corley, Ken;76451
Middleton, Khris;203114
Spanarkel, Jim;78222
Parrack, Doyle;77803
Head, Luther;101129
Cannon, Larry;76339
Green, Willie;2584
Welsch, Jiri;2412
Buckner, Quinn;76296
Steppe, Brook;78250
Lewis, Martin;729
Stackhouse, Jerry;711
Jorgensen, Noble;77212
Quinn, Chris;200809
Pelkington, Jake;77828
Scott, Dennis;192
MacCulloch, Todd;1928
Kottman, Harold;77304
Melvin, Ed;77577
Courtin, Steve;76459
Grant, Travis;76853
Wilson, Rick;78583
Siler, Garret;202081
Kapono, Jason;2574
Stockton, John;304
Macklin, Vernon;202731
Kaman, Chris;2549
Boumtje-Boumtje, Ruben;2257
Bailey, Carl;76084
Walther, Paul;78447
Diute, Fred;76578
Laettner, Christian;363
Magloire, Jamaal;2048
Grant, Bud;76850
Scales, Dewayne;78068
Mullens, Byron;201957
Wagner, Danny;78428
Wilson, Bob;78586
Barker, Tom;76099
Hawkins, Marshall;76974
Ford, Phil;76736
Kleine, Joe;170
Miller, Oliver;932
Smith, Jason;201160
Roberts, Stanley;914
Bagley, John;76082
Bielke, Don;76164
Burton, Willie;416
Ebben, Bill;76633
Nagy, Fred;77684
McRoberts, Josh;201177
Davis, Aubrey;76515
Roux, Giff;78026
N'diaye, Mamadou;2055
Shumpert, Iman;202697
Scurry, Carey;78102
Carney, Bob;76345
Fontaine, Ike;1829
Thomas, Carl;1063
Thomas, Joe;78321
Weidner, Brant;78484
Stewart, Larry;1125
Burrow, Bob;76313
Shaw, Casey;1745
Thibeaux, Peter;78311
Jones, Wallace;77199
Sunderlage, Don;78278
Dinkins, Byron;76574
Varda, Ratko;2237
Meyers, Dave;77586
White, Tony;78514
Thompson, Bernard;78323
Miles, Darius;2032
Ukic, Roko Leni;101146
Macknowski, Johnny;77436
Neal, Gary;202390
Dellavedova, Matthew;203521
Ebanks, Devin;202365
Davis, Anthony;203076
Berce, Gene;76155
Jeelani, Abdul;77126
Dickerson, Michael;1722
Martin, Phil;77477
Herron, Keith;77010
Jordan, Walter;77209
Smith, Jim;78191
Williams, Marcus;201173
Fairchild, John;76691
Petrovic, Drazen;77845
Carter, Maurice;2466
Babic, Milos;76079
Ezersky, Johnny;76689
Evans, Jeremy;202379
Spoelstra, Art;78232
Webster, Martell;101110
Petrie, Geoff;77844
Lee, Malcolm;202723
Humphrey, Ryan;2415
Carroll, Joe Barry;76353
Lautenbach, Walt;77345
Howard, Greg;77066
Edney, Tyus;721
Curcic, Radisav;76488
Burns, Evers;76308
Torres, Oscar;2351
Barry, Drew;1003
Rowan, Ron;78027
Young, Korleone;1748
Kirk, Alex;203945
Micheaux, Larry;77588
Cage, Michael;262
McMillon, Shellie;77555
Williams, Cliff;78543
Tucker, PJ;200782
Wells, Owen;78488
McCormick, Tim;77516
Jeffries, Jared;2407
Dennard, Kenny;76556
Ilgauskas, Zydrunas;980
Aguirre, Mark;76016
Katkaveck, Leo;77226
Cooke, David;76439
Handlogten, Ben;1052
LaGarde, Tom;77328
O'Bannon, Ed;709
Brand, Elton;1882
Pressey, Phil;203515
Gray, Wyndol;76863
Brown, Myron;76277
Farmer, Desmon;2824
Horford, Tito;77057
Augmon, Stacey;278
Bemoras, Irv;76145
Johnson, Alexander;200792
Henderson, J.R.;1764
Telfair, Sebastian;2742
Washington, Darius;200827
Duncan, Andy;76615
Richardson, Jeremy;200978
Yue, Sun;201180
McCants, Rashad;101119
Dinwiddie, Spencer;203915
Douglas, Sherman;428
Rohloff, Ken;78011
Johnson, George;77148
Moore, Tracy;929
McKenzie, Stan;77543
Trybanski, Cezary;2456
Okur, Mehmet;2246
Blalock, Will;200807
Clark, Archie;76397
Dedmon, Dewayne;203473
Anderegg, Bob;76034
Maddox, Jack;77439
Crawford, Jamal;2037
Hunter, Cedric;77083
Kudelka, Frank;77319
May, Sean;101118
Curry, JamesOn;201191
McGuire, Dick;77537
Jones, Wil;77201
Lamb, Jeremy;203087
Miksis, Al;77594
Lewis, Grady;77381
Rose, Malik;990
Van Arsdale, Tom;78399
Garrick, Tom;76790
Norris, Moochie;983
Burtt, Steve;76316
Haywood, Brendan;2217
Taylor, Anthony;78295
Curry, Seth;203552
Papanikolaou, Kostas;203123
West, Mario;201238
Geiger, Matt;761
Hawes, Spencer;201150
Ross, Quinton;2624
Mueller, Erwin;77658
Lester, Ronnie;77373
Strickland, Roger;78270
Ilic, Mile;101148
McClintock, Dan;2082
Sene, Mouhamed;200754
Durham, Pat;1090
Mayes, Clyde;77492
Fredette, Jimmer;202690
Attles, Alvin;76070
Croshere, Austin;1506
Rasmussen, Blair;78656
Evans, Maurice;2230
Ruffner, Paul;78039
Eaves, Jerry;76632
Pritchard, John;77887
Crisler, Hal;76470
Davis, Mark;707
Williams, Monty;42
Watson, Earl;2248
McElroy, Jim;77528
Nunnally, James;203263
Stokes, Greg;78264
McNamee, Joe;77559
Johnson, George;77149
Singleton, James;101189
Daye, Darren;76543
Radmanovic, Vladimir;2209
Wiley, Gene;78526
Davis, Johnny;76526
Wood, Al;78610
Rolle, Magnum;202375
Sherod, Edmund;78136
Vaden, Robert;201987
Glass, Gerald;76821
Garbajosa, Jorge;200816
Liggins, DeAndre;202732
Harrington, Junior;2454
Sabonis, Arvydas;717
Pressey, Paul;77879
Regan, Richie;77932
Noel, Paul;77723
Brewer, Ron;76249
Washington, Eric;1540
Szabo, Brett;1136
Wright, Dorell;2748
Moore, Otto;77636
Pressley, Harold;77881
Howard, Dwight;2730
Hirsch, Mel;77031
Slater, Reggie;1073
Gardner, Earl;76778
Robinson, Truck;77993
Davies, Bob;76514
Edwards, Shane;202197
Butler, Da'Sean;202364
Munk, Chris;77664
Trent, Gary;718
Smith, Nolan;202701
Phelps, Mike;77852
Johnson, Ron;77165
Holland, Brad;77040
Stallworth, Dave;78238
Bishop, Gale;76171
Carlson, Don;76344
Carr, Cory;1757
Marshall, Donyell;923
Copa, Tom;76446
Bairstow, Cameron;203946
Costello, Larry;76454
Vanterpool, David;2128
Jennings, Keith;24
Winfield, Lee;78592
Onuaku, Arinze;202620
McCray, Scooter;77518
Osterkorn, Wally;77775
Slay, Tamar;2447
Claxton, Charles;1127
Derline, Rod;76559
Ebi, Ndudi;2569
Fox, Jim;76747
Owens, Billy;182
Wear, Travis;204037
McNeill, Bob;77562
Bradley, Shawn;762
Turkcan, Mirsad;1726
Williams, Mo;2590
Shipp, Charlie;78653
Phegley, Roger;77848
Rose, Derrick;201565
Morton, John;1972
Haislip, Marcus;2409
Stewart, Michael;1565
Carr, Kenny;76350
Giricek, Gordan;1921
Taylor, Brian;78296
Holt, Alvin;77046
Watts, Slick;78473
Jordan, Adonis;1817
Pondexter, Cliff;77869
Kopicki, Joe;77300
Stokes, Ed;1055
Stoudamire, Damon;757
Russell, Walker;201041
Forman, Donnie;76738
Arnelle, Jesse;76062
Wedman, Scott;78482
Kozelko, Tom;77305
Sumpter, Barry;78654
Pack, Robert;123
Rellford, Richard;77939
House, Eddie;2067
Ball, Cedric;76090
Sealy, Malik;907
Earl, Acie;768
Lucas, Kalin;203564
Hudson, Lester;201991
Clark, Ian;203546
Schaus, Fred;78075
Fucarino, Frank;76762
Arnzen, Bob;76064
Kalafat, Ed;77219
Storey, Awvee;2852
Ohlbrecht, Tim;203317
Alabi, Solomon;202374
Radovich, Moe;77900
Reed, Ron;77928
Dunleavy, Mike;2399
Redd, Michael;2072
Hawkins, Juaquin;1038
Cooper, Wayne;76441
Cotton, Jack;76456
Meminger, Dean;77578
Johnson, Clay;77135
Guokas, Matt;76909
Brooks, Aaron;201166
Batum, Nicolas;201587
Miller, Bob;77603
Clyde, Ben;76409
Rice Jr., Glen;203318
Coleman, Jack;76414
Jones, Alvin;2264
Pondexter, Quincy;202347
Hunter, RJ;1626154
Wheeler, Clinton;78504
Portman, Bob;77878
Kurz, Rob;201633
Price, Tony;77882
Maxiell, Jason;101131
Richardson, Jason;2202
Gibson, Daniel;200789
Lumpkin, Phil;77424
Williams, Chuck;78547
Cureton, Earl;940
Hardaway Jr., Tim;203501
Fritsche, Jim;76760
Mitchell, Tony;203502
Milic, Marko;1527
Dille, Bob;76570
Ranzino, Sam;77912
Mitchell, Tony;203183
Gray, Sylvester;76862
Rubio, Ricky;201937
Halbrook, Harvey;76919
Blaney, George;76182
Wagner, Milt;78429
Sims, Henry;203156
Johnson, Avery;422
Robbins, Lee;77972
Misaka, Wat;77613
Beck, Byron;76134
Sanchez, Juan;2143
Oldham, Jawann;77757
Leonard, Kawhi;202695
Jones, Dontae';963
Radovich, Frank;77899
Jones, Mark;2891
Wingfield, Dontonio;112
Keefe, Adam;228
Beck, Corey;1133
Johnson, Reggie;77163
Parkinson, Jack;77801
Dehnert, Red;76548
Miskiri, Jason;1954
Cummings, Vonteego;1907
Seikaly, Rony;938
Gillery, Ben;76812
Garrett, Dean;1051
Stoudemire, Amar'e;2405
Stockton, David;204065
Kuberski, Steve;77316
Rogers, Johnny;78007
Evans, Earl;76685
Gaze, Andrew;1845
Brewer, Jim;76248
Meeks, Jodie;201975
Davis, Mike;76531
Smith, Charles;78179
Coleman, Derrick;934
McLeod, George;77549
Ohl, Don;77751
Vinicius, Marcus;200790
Givens, Jack;76819
Cross, Russell;76478
Novak, Mike;77736
Jordan, Jerome;202366
Greene, Donte;201590
Sampson, Jamal;2441
Terry, Carlos;78307
Dudley, Chris;201
O'Malley, Grady;77766
Mohammed, Nazr;1737
McAdoo, James Michael;203949
Guibert, Andres;76903
Fedor, Dave;76697
Graham, Paul;76842
King, Gerard;1562
LaCour, Fred;77327
Booth, Calvin;1916
Jordan, Eddie;77205
Kuka, Ray;77322
Beasley, Michael;201563
Morrison, Adam;200747
Bianchi, Al;76160
Issel, Dan;77097
Gaines, Reece;2558
Price, Mike;77884
Ferrari, Al;76708
McAdoo, Bob;77498
Meyer, Loren;684
Mullin, Chris;904
Stojakovic, Peja;978
Wilfong, Win;78529
Washington, Duane;78464
Pettit, Bob;77847
Raduljica, Miroslav;203545
Davis, Walt;76536
Johnson, Trey;201234
Knight, Ron;77288
Young, Perry;78635
Williams, Sean;201157
Lovellette, Clyde;77414
Gola, Tom;76828
McPherson, Paul;2101
Conlon, Marty;55
Felix, Noel;101230
Griffin, Blake;201933
Royer, Bob;78033
Burns, Jim;76309
Palmer, Walter;77794
Cheaney, Calbert;384
Sibley, Mark;78145
Brannum, Bob;76238
Bowie, Anthony;194
Simpson, Ralph;78157
Vaughn, David;710
Planinic, Zoran;2565
Moffett, Larry;77621
Rondo, Rajon;200765
Lujack, Al;77423
Jackson, Jaren;1114
Camby, Marcus;948
Henderson, Gerald;201945
Maggette, Corey;1894
Barron, Earl;2853
Carter, Howard;76358
Mariaschin, Saul;77462
Erving, Julius;76681
Reid, Robert;77936
Fleming, Vern;313
Thomas, James;2839
Price, Brent;85
Howard, Mo;77067
Durant, Kevin;201142
DeRozan, DeMar;201942
Niemiera, John;77717
Covington, Robert;203496
Crotty, John;180
Morris, Terence;2242
Williams, Nate;78561
Gates, Frank;76794
Edmonson, Keith;76638
Webster, Jeff;1067
Kidd, Jason;467
Lyles, Trey;1626168
Marjanovic, Boban;1626246
Vaughn, Rashad;1626173
Martin, Jarell;1626185
Holmes, Richaun;1626158
Hilliard, Darrun;1626199
Pleiss, Tibor;202353
Cauley-Stein, Willie;1626161
Bjelica, Nemanja;202357
Connaughton, Pat;1626192
Johnson, Stanley;1626169
Neto, Raul;203526
McConnell, TJ;204456
Booker, Devin;1626164
Young, Joe;1626202
Portis, Bobby;1626171
Oubre, Kelly;1626162
Patterson, Lamar;203934
Mickey, Jordan;1626175
Powell, Norman;1626181
Okafor, Jahlil;1626143
Hollis-Jefferson, Rondae;1626178
Hezonja, Mario;1626209
Brown, Anthony;1626148
Jokic, Nikola;203999
Dekker, Sam;1626155
Anderson, Justin;1626147
Richardson, Josh;1626196
Kaun, Sasha;201619
Huertas, Marcelo;1626273
Alexander, Cliff;1626146
Wright, Delon;1626153
Mejri, Salah;1626257
Nance Jr., Larry;1626204
Felicio, Cristiano;1626245
Mudiay, Emmanuel;1626144
Simmons, Jonathon;203613
Montero, Luis;1626242
Dawson, Branden;1626183
Jones, Tyus;1626145
Winslow, Justise;1626159
Rozier, Terry;1626179
Russell, D'Angelo;1626156
Wood, Christian;1626174
Payne, Cameron;1626166
Kaminsky, Frank;1626163
Harrison, Aaron;1626151
Grant, Jerian;1626170
Turner, Myles;1626167
Porzingis, Kristaps;204001
Tavares, Walter;204002
Harrell, Montrezl;1626149
Towns, Karl-Anthony;1626157
